1,Bitcoin,BTC,"$92,050,585,126 ","$5,536.84 ","16,625,112","$1,854,650,000 ",0.32%,-3.04%,21.05%
2,Ethereum,ETH,"$31,358,236,740 ",$329.67 ,"95,120,945","$641,091,000 ",0.29%,-4.20%,6.19%
3,Ripple,XRP,"$10,242,954,586 ",$0.27 ,"38,531,538,922 *","$265,662,000 ",-0.17%,1.49%,0.83%
4,Bitcoin Cash,BCH,"$5,191,901,709 ",$310.86 ,"16,701,575","$142,923,000 ",0.09%,-3.61%,-11.08%
5,Litecoin,LTC,"$3,350,098,018 ",$62.75 ,"53,389,207","$431,530,000 ",0.15%,-2.83%,17.28%
6,Dash,DASH,"$2,294,621,127 ",$301.00 ,"7,623,250","$42,996,500 ",0.33%,-4.79%,-1.93%
7,NEM,XEM,"$1,827,117,000 ",$0.20 ,"8,999,999,999 *","$2,828,730 ",-0.04%,-2.81%,1.74%
8,Monero,XMR,"$1,397,755,940 ",$91.82 ,"15,222,385","$42,025,500 ",0.12%,-4.87%,1.60%
9,NEO,NEO,"$1,368,640,000 ",$27.37 ,"50,000,000 *","$31,950,200 ",-0.16%,-3.07%,-17.24%
10,BitConnect,BCC,"$1,357,536,615 ",$189.14 ,"7,177,569","$9,977,110 ",0.30%,-3.08%,28.46%
11,IOTA,MIOTA,"$1,180,641,622 ",$0.42 ,"2,779,530,283 *","$8,024,480 ",-0.05%,-8.28%,-16.91%
12,Ethereum Classic,ETC,"$1,146,221,836 ",$11.88 ,"96,492,254","$52,240,000 ",0.47%,-3.79%,-2.82%
13,OmiseGO,OMG,"$797,637,894 ",$8.11 ,"98,312,024 *","$22,586,300 ",3.20%,0.20%,1.30%
14,Cardano,ADA,"$795,395,855 ",$0.03 ,"25,927,070,538 *","$7,837,530 ",4.44%,-9.97%,43.03%
15,Qtum,QTUM,"$604,779,500 ",$10.25 ,"59,000,000 *","$21,507,600 ",-0.20%,-4.09%,-11.55%
16,Zcash,ZEC,"$550,880,424 ",$229.04 ,"2,405,119","$24,771,800 ",-0.12%,-4.52%,-6.89%
17,Lisk,LSK,"$541,194,699 ",$4.76 ,"113,577,300 *","$9,125,620 ",1.29%,2.39%,0.22%
18,Tether,USDT,"$436,467,273 ",$1.00 ,"437,061,677 *","$202,475,000 ",-0.07%,-0.01%,-0.05%
19,Hshare,HSR,"$394,738,272 ",$11.70 ,"33,727,936","$19,247,000 ",0.33%,-3.03%,63.54%
20,Waves,WAVES,"$369,742,000 ",$3.70 ,"100,000,000 *","$4,234,300 ",-0.06%,-6.21%,-20.37%
21,Stellar Lumens,XLM,"$304,869,312 ",$0.02 ,"16,587,645,475 *","$8,689,920 ",-2.69%,0.73%,-4.02%
22,Stratis,STRAT,"$296,857,492 ",$3.01 ,"98,583,139 *","$6,390,680 ",0.33%,7.83%,-19.28%
23,Ark,ARK,"$271,460,087 ",$2.77 ,"97,981,284 *","$2,114,080 ",0.04%,-10.32%,20.84%
24,Steem,STEEM,"$253,103,126 ",$1.04 ,"243,940,713","$728,108 ",0.48%,-1.86%,-10.16%
25,Bytecoin,BCN,"$251,341,385 ",$0.00 ,"183,253,534,612","$784,284 ",0.40%,-3.89%,4.86%
26,Ardor,ARDR,"$250,532,090 ",$0.25 ,"998,999,495 *","$2,770,980 ",1.09%,-4.11%,42.92%
27,EOS,EOS,"$234,529,902 ",$0.58 ,"406,550,263 *","$6,578,690 ",0.12%,-3.82%,-2.61%
28,PIVX,PIVX,"$211,747,880 ",$3.89 ,"54,489,092 *","$1,030,860 ",0.53%,2.80%,11.57%
29,TenX,PAY,"$200,347,913 ",$1.91 ,"104,661,310 *","$1,622,360 ",5.71%,1.35%,-1.24%
30,Augur,REP,"$199,078,000 ",$18.10 ,"11,000,000 *","$538,150 ",-0.40%,-2.90%,-6.82%
31,Gas,GAS,"$185,229,822 ",$21.57 ,"8,587,421 *","$606,670 ",3.24%,-4.30%,-12.92%
32,MaidSafeCoin,MAID,"$180,964,396 ",$0.40 ,"452,552,412 *","$2,025,950 ",2.89%,2.95%,-7.43%
33,Komodo,KMD,"$175,528,091 ",$1.74 ,"100,945,510","$587,289 ",0.73%,-1.08%,-6.03%
34,MonaCoin,MONA,"$173,423,194 ",$3.17 ,"54,642,475","$18,099,000 ",-2.35%,-15.48%,374.40%
35,Golem,GNT,"$165,081,118 ",$0.20 ,"833,032,000 *","$1,274,100 ",0.55%,-7.33%,-5.91%
36,FirstCoin,FRST,"$164,642,298 ",$13.37 ,"12,310,809","$2,378,970 ",0.29%,-6.93%,18.00%
37,Decred,DCR,"$159,954,178 ",$26.83 ,"5,961,766","$487,239 ",-0.21%,-6.69%,-5.39%
38,Kyber Network,KNC,"$159,147,566 ",$1.15 ,"137,995,600 *","$1,430,840 ",0.68%,-4.89%,-28.61%
39,Basic Attenti...,BAT,"$157,368,000 ",$0.16 ,"1,000,000,000 *","$1,777,180 ",0.74%,-9.95%,-20.02%
40,Veritaseum,VERI,"$156,551,929 ",$77.65 ,"2,016,034 *","$240,346 ",2.77%,-9.91%,33.35%
41,Binance Coin,BNB,"$152,670,000 ",$1.53 ,"100,000,000 *","$5,971,300 ",-0.08%,2.90%,10.97%
42,SALT,SALT,"$151,703,989 ",$2.77 ,"54,675,000 *","$1,431,390 ",0.73%,-8.94%,-21.16%
43,Walton,WTC,"$146,865,638 ",$5.90 ,"24,898,178 *","$18,282,900 ",0.94%,-1.29%,-20.27%
44,Iconomi,ICN,"$144,142,219 ",$1.44 ,"99,900,350 *","$632,579 ",0.46%,-7.89%,-8.63%
45,Factom,FCT,"$143,813,202 ",$16.45 ,"8,745,102 *","$2,574,910 ",0.72%,2.24%,-5.87%
46,TRON,TRX,"$141,092,982 ",$0.00 ,"65,394,999,999 *","$116,293 ",-1.99%,-6.32%,-18.90%
47,ChainLink,LINK,"$140,161,700 ",$0.40 ,"350,000,000 *","$5,284,120 ",1.85%,-2.91%,-4.75%
48,Metal,MTL,"$136,657,600 ",$7.08 ,"19,300,994 *","$775,215 ",-0.47%,-4.55%,8.83%
49,Populous,PPT,"$135,744,228 ",$3.29 ,"41,252,246 *","$169,190 ",3.17%,4.26%,27.85%
50,DigixDAO,DGD,"$132,041,600 ",$66.02 ,"2,000,000 *","$168,307 ",-1.69%,-7.07%,-11.66%
51,BitShares,BTS,"$130,727,551 ",$0.05 ,"2,600,560,000 *","$2,503,390 ",0.92%,-0.28%,-8.46%
52,Dogecoin,DOGE,"$123,395,334 ",$0.00 ,"111,504,494,337","$1,949,000 ",-1.63%,2.64%,5.09%
53,GameCredits,GAME,"$122,034,480 ",$1.90 ,"64,355,352","$2,573,490 ",-2.74%,6.90%,-8.51%
54,Siacoin,SC,"$120,548,746 ",$0.00 ,"30,128,148,120","$1,119,390 ",-0.87%,-4.45%,-6.02%
55,BitcoinDark,BTCD,"$109,852,559 ",$85.23 ,"1,288,862","$229,760 ",0.44%,0.56%,-1.67%
56,Metaverse ETP,ETP,"$108,772,896 ",$4.81 ,"22,600,000","$28,592,900 ",-1.04%,38.40%,257.39%
57,Civic,CVC,"$106,989,498 ",$0.31 ,"340,200,000 *","$853,407 ",-1.44%,-4.31%,3.76%
58,Lykke,LKK,"$102,991,845 ",$0.38 ,"269,046,599 *","$263,640 ",-0.20%,-3.40%,15.73%
59,Byteball Bytes,GBYTE,"$101,835,636 ",$174.41 ,"583,896 *","$274,520 ",-0.94%,-6.58%,10.24%
60,Blocknet,BLOCK,"$101,384,340 ",$20.94 ,"4,842,399 *","$123,829 ",-3.95%,-9.44%,-7.15%
61,0x,ZRX,"$96,549,500 ",$0.19 ,"500,000,000 *","$1,958,660 ",-0.36%,-1.07%,0.39%
62,Status,SNT,"$96,083,467 ",$0.03 ,"3,470,483,788 *","$1,506,420 ",-0.34%,3.15%,11.34%
63,FunFair,FUN,"$94,484,800 ",$0.02 ,"4,000,000,000 *","$460,378 ",0.52%,-0.58%,-4.55%
64,Bytom,BTM,"$94,066,923 ",$0.10 ,"987,000,000 *","$110,730 ",-0.02%,-5.66%,17.83%
65,Gnosis,GNO,"$92,282,198 ",$83.54 ,"1,104,590 *","$696,843 ",1.44%,-11.37%,-27.35%
66,Bancor,BNT,"$92,222,117 ",$2.26 ,"40,772,871 *","$723,266 ",-0.10%,-6.05%,-1.22%
67,SingularDTV,SNGLS,"$87,767,400 ",$0.15 ,"600,000,000 *","$926,712 ",-0.30%,-5.43%,-3.95%
68,MCAP,MCAP,"$86,629,719 ",$2.26 ,"38,295,641 *","$396,818 ",1.09%,-1.66%,-14.25%
69,Regalcoin,REC,"$80,446,085 ",$28.63 ,"2,810,000","$2,799,640 ",-0.61%,-9.29%,112.88%
70,ATMChain,ATM,"$79,420,808 ",$0.03 ,"2,401,437,109 *","$244,931 ",0.64%,11.35%,31.08%
71,Syscoin,SYS,"$78,848,022 ",$0.15 ,"528,195,860","$380,876 ",-0.76%,-3.56%,9.70%
72,DigiByte,DGB,"$78,147,443 ",$0.01 ,"8,742,253,657","$2,084,710 ",0.14%,-7.59%,-28.23%
73,Nexus,NXS,"$77,686,757 ",$1.46 ,"53,106,078","$250,782 ",0.80%,-9.61%,6.29%
74,Verge,XVG,"$74,817,773 ",$0.01 ,"14,115,522,190","$3,200,720 ",-2.04%,5.66%,-7.87%
75,Aeternity,AE,"$73,185,206 ",$0.31 ,"233,020,472 *","$312,938 ",-0.61%,-4.35%,-19.80%
76,Pura,PURA,"$70,936,742 ",$0.41 ,"171,491,424","$156,099 ",1.34%,-7.39%,-18.95%
77,Monaco,MCO,"$69,928,041 ",$7.12 ,"9,814,875 *","$1,831,260 ",0.55%,-3.80%,-0.76%
78,Bitdeal,BDL,"$69,076,291 ",$0.44 ,"156,209,812","$83,895 ",1.01%,-6.34%,26.47%
79,Nxt,NXT,"$65,544,186 ",$0.07 ,"998,999,942 *","$3,710,760 ",0.37%,-3.67%,-7.02%
80,GXShares,GXS,"$65,100,380 ",$1.61 ,"40,510,000 *","$77,827 ",0.24%,-8.99%,-14.04%
81,VeChain,VEN,"$63,678,019 ",$0.23 ,"278,708,913 *","$437,819 ",4.95%,0.84%,-15.52%
82,Centra,CTR,"$58,008,352 ",$0.85 ,"68,000,000 *","$775,041 ",0.34%,-5.54%,-26.11%
83,Vertcoin,VTC,"$55,258,203 ",$1.37 ,"40,342,700","$2,050,840 ",1.47%,3.39%,16.22%
84,Aragon,ANT,"$53,414,687 ",$1.63 ,"32,832,390 *","$362,096 ",1.59%,-3.34%,-5.38%
85,Kin,KIN,"$53,162,883 ",$0.00 ,"756,097,560,976 *","$87,724 ",1.78%,-0.91%,-16.48%
86,Enigma,ENG,"$48,533,278 ",$0.65 ,"74,836,171 *","$1,559,770 ",1.75%,-11.27%,?
87,Loopring,LRC,"$48,471,889 ",$0.17 ,"286,170,756 *","$319,469 ",-0.42%,-7.45%,-7.00%
88,AdEx,ADX,"$47,945,669 ",$0.85 ,"56,325,759 *","$2,503,090 ",0.17%,-3.01%,-15.01%
89,I/O Coin,IOC,"$47,882,298 ",$2.92 ,"16,372,983 *","$91,505 ",1.14%,-4.46%,-0.82%
90,Particl,PART,"$46,003,496 ",$5.95 ,"7,738,170 *","$154,511 ",-0.08%,-4.47%,0.24%
91,Ubiq,UBQ,"$43,848,570 ",$1.14 ,"38,366,395","$211,412 ",0.36%,-1.23%,-17.15%
92,TaaS,TAAS,"$43,438,875 ",$5.33 ,"8,146,001 *","$294,088 ",0.75%,-4.07%,20.95%
93,Bitquence,BQX,"$42,410,174 ",$0.59 ,"71,637,960 *","$541,724 ",0.04%,-2.24%,14.19%
94,Sprouts,SPRTS,"$42,408,350 ",$0.00 ,"772,058,964,952 *","$3,212 ",0.20%,74.83%,936.51%
95,Melon,MLN,"$42,343,294 ",$70.64 ,"599,400 *","$227,575 ",0.33%,-3.51%,2.19%
96,MobileGo,MGO,"$40,926,178 ",$0.42 ,"98,028,887 *","$158,650 ",3.08%,8.57%,-23.53%
97,Edgeless,EDG,"$40,368,497 ",$0.49 ,"82,046,288 *","$536,427 ",0.46%,-3.06%,-14.95%
98,NAV Coin,NAV,"$39,645,974 ",$0.64 ,"61,896,834 *","$291,408 ",1.49%,-1.41%,0.06%
99,Wings,WINGS,"$39,164,864 ",$0.44 ,"89,708,333 *","$267,100 ",0.62%,-8.67%,-13.81%
100,ATBCoin,ATB,"$38,611,925 ",$1.01 ,"38,319,927","$746,261 ",-2.17%,-4.32%,6.65%
101,SONM,SNM,"$37,763,034 ",$0.11 ,"359,600,000 *","$712,653 ",0.24%,-6.28%,-22.81%
102,Storj,STORJ,"$36,679,817 ",$0.37 ,"99,358,868 *","$151,634 ",-1.58%,-7.23%,-0.49%
103,iExec RLC,RLC,"$36,308,359 ",$0.46 ,"79,070,793 *","$138,879 ",0.74%,-10.75%,-9.96%
104,Gulden,NLG,"$36,259,341 ",$0.10 ,"354,482,845","$291,750 ",-0.85%,4.58%,-9.28%
105,NoLimitCoin,NLC2,"$35,118,509 ",$0.17 ,"203,947,342 *","$30,306 ",-3.92%,-4.84%,14.87%
106,Dentacoin,DCN,"$33,549,614 ",$0.00 ,"303,095,254,787 *","$50,277 ",-1.35%,-20.84%,-7.84%
107,FairCoin,FAIR,"$33,311,413 ",$0.63 ,"53,193,831 *","$124,417 ",0.16%,2.83%,-9.41%
108,Decentraland,MANA,"$33,094,741 ",$0.01 ,"2,273,755,650 *","$3,650,870 ",1.67%,-32.64%,6.23%
109,ReddCoin,RDD,"$31,606,773 ",$0.00 ,"28,643,074,083 *","$764,814 ",-5.82%,3.28%,7.33%
110,Rise,RISE,"$31,511,756 ",$0.28 ,"113,139,200 *","$453,126 ",-1.24%,-7.05%,-0.57%
111,Moeda Loyalty...,MDA,"$31,089,214 ",$1.58 ,"19,628,888 *","$401,931 ",5.62%,-8.62%,-33.72%
112,Peercoin,PPC,"$30,866,835 ",$1.27 ,"24,384,660","$567,278 ",0.39%,-3.16%,-3.89%
113,ZCoin,XZC,"$30,503,721 ",$9.48 ,"3,218,554","$306,802 ",0.73%,-1.01%,-2.65%
114,Quantum Resis...,QRL,"$30,489,212 ",$0.59 ,"52,000,000 *","$204,500 ",0.21%,-0.75%,8.83%
115,district0x,DNT,"$30,462,300 ",$0.05 ,"600,000,000 *","$5,993,470 ",-7.91%,38.29%,23.87%
116,CloakCoin,CLOAK,"$29,404,927 ",$5.75 ,"5,116,312 *","$204,523 ",-0.36%,-9.65%,3.83%
117,KickCoin,KICK,"$29,362,013 ",$0.09 ,"321,137,782 *","$930,096 ",2.26%,-10.56%,-0.40%
118,Neblio,NEBL,"$27,536,301 ",$2.21 ,"12,463,361 *","$164,991 ",12.81%,-8.53%,7.90%
119,Cofound.it,CFI,"$27,458,015 ",$0.08 ,"325,000,000 *","$180,271 ",1.23%,-6.80%,-16.20%
120,Aeon,AEON,"$27,289,068 ",$1.86 ,"14,651,140","$896,845 ",-1.07%,3.81%,-9.55%
121,TokenCard,TKN,"$27,279,330 ",$1.15 ,"23,644,056 *","$219,980 ",0.31%,-2.15%,-15.53%
122,Rubycoin,RBY,"$27,274,602 ",$1.10 ,"24,873,330 *","$2,127,870 ",3.25%,-23.15%,54.88%
123,Cindicator,CND,"$27,246,537 ",$0.02 ,"1,445,976,590 *","$133,267 ",4.05%,-20.49%,?
124,BitBay,BAY,"$26,142,954 ",$0.03 ,"1,007,785,116 *","$361,733 ",-0.17%,26.78%,-4.91%
125,Asch,XAS,"$26,071,950 ",$0.35 ,"75,000,000","$15,977 ",0.18%,12.68%,1.46%
126,Elastic,XEL,"$25,944,611 ",$0.30 ,"86,976,062 *","$237,459 ",-2.34%,-4.82%,-11.71%
127,WeTrust,TRST,"$25,002,473 ",$0.27 ,"92,147,500 *","$195,434 ",-1.20%,-5.14%,-20.26%
128,Compcoin,CMP,"$24,888,437 ",$5.80 ,"4,288,618","$58,420 ",2.55%,4.36%,14.32%
129,Blackmoon Crypto,BMC,"$24,768,035 ",$0.82 ,"30,049,251 *","$521,550 ",0.72%,1.98%,4.70%
130,Viacoin,VIA,"$23,913,303 ",$1.05 ,"22,857,733","$280,295 ",0.77%,5.98%,-1.48%
131,Credo,CREDO,"$23,524,092 ",$0.04 ,"549,891,703 *","$7,633 ",37.03%,-22.13%,-31.37%
132,SmartCash,SMART,"$23,464,554 ",$0.03 ,"677,921,388 *","$49,102 ",-3.70%,17.74%,71.30%
133,Tierion,TNT,"$23,387,357 ",$0.06 ,"422,513,667 *","$265,803 ",0.28%,-5.49%,-15.80%
134,Substratum,SUB,"$23,321,785 ",$0.10 ,"226,091,449 *","$377,273 ",-0.29%,-9.32%,-27.60%
135,Everex,EVX,"$22,860,750 ",$1.39 ,"16,500,000 *","$505,735 ",1.51%,-7.01%,?
136,DECENT,DCT,"$22,631,424 ",$0.44 ,"51,306,089 *","$72,592 ",-2.18%,7.47%,-15.27%
137,FirstBlood,1ST,"$22,226,268 ",$0.26 ,"85,558,371 *","$323,884 ",1.43%,-6.34%,-22.20%
138,Counterparty,XCP,"$21,877,030 ",$8.36 ,"2,617,609 *","$127,954 ",0.28%,-9.41%,0.07%
139,The ChampCoin,TCC,"$21,795,430 ",$0.13 ,"164,925,727 *","$59,162 ",-0.55%,-3.90%,23.22%
140,Diamond,DMD,"$21,595,018 ",$8.75 ,"2,468,631","$215,558 ",0.47%,-12.59%,-8.37%
141,LEOcoin,LEO,"$20,668,895 ",$0.23 ,"91,707,281 *","$17,906 ",-1.22%,5.39%,24.01%
142,PayPie,PPP,"$20,266,703 ",$0.25 ,"82,500,000 *","$102,619 ",0.25%,-3.28%,?
143,ION,ION,"$20,232,834 ",$1.20 ,"16,925,718 *","$47,413 ",2.24%,-4.80%,-10.23%
144,Monetha,MTH,"$20,135,776 ",$0.09 ,"216,819,832 *","$340,184 ",-2.82%,-13.46%,-20.31%
145,SIBCoin,SIB,"$19,822,676 ",$1.27 ,"15,622,922","$64,349 ",0.89%,-7.99%,-7.68%
146,Xaurum,XAUR,"$19,626,830 ",$0.15 ,"127,109,364 *","$74,828 ",-0.50%,-4.50%,-2.82%
147,CoinDash,CDT,"$19,418,548 ",$0.03 ,"555,015,474 *","$193,286 ",-0.19%,-10.76%,-18.90%
148,XPlay,XPA,"$19,415,300 ",$0.02 ,"1,000,000,000 *","$1,380 ",0.15%,-5.76%,24.80%
149,Emercoin,EMC,"$19,347,872 ",$0.47 ,"40,845,785","$185,590 ",-0.01%,-4.73%,-16.12%
150,Target Coin,TGT,"$19,309,945 ",$0.02 ,"952,429,892 *","$4,823 ",-26.24%,-18.17%,-31.70%
151,Triggers,TRIG,"$19,309,867 ",$0.60 ,"32,105,578 *","$1,473,160 ",13.47%,46.15%,16.71%
152,Patientory,PTOY,"$19,204,080 ",$0.27 ,"70,000,000 *","$307,230 ",-0.79%,-4.94%,-2.63%
153,Crown,CRW,"$19,066,647 ",$1.22 ,"15,620,205","$58,080 ",-0.83%,-3.87%,-12.45%
154,Einsteinium,EMC2,"$18,920,268 ",$0.09 ,"214,749,980","$1,652,590 ",0.04%,-8.34%,13.35%
155,Etheroll,DICE,"$18,712,257 ",$2.67 ,"7,001,623 *","$36,344 ",-2.73%,4.65%,-9.05%
156,Skycoin,SKY,"$18,341,592 ",$3.09 ,"5,933,198 *","$2,440 ",0.14%,-8.27%,3.34%
157,Aventus,AVT,"$18,263,160 ",$3.04 ,"6,000,000 *","$2,710,390 ",-1.78%,-9.05%,9.49%
158,Rialto,XRL,"$18,196,630 ",$0.21 ,"85,000,000 *","$63,075 ",4.11%,-1.14%,-29.67%
159,Pepe Cash,PEPECASH,"$18,167,846 ",$0.03 ,"701,884,009 *","$72,577 ",0.16%,-8.20%,124.25%
160,Safe Exchange...,SAFEX,"$17,779,060 ",$0.01 ,"2,147,483,647 *","$131,337 ",-0.63%,-4.59%,-12.37%
161,Namecoin,NMC,"$17,161,275 ",$1.16 ,"14,736,400","$125,296 ",-0.25%,-3.35%,-11.61%
162,adToken,ADT,"$17,121,900 ",$0.03 ,"600,000,000 *","$52,532 ",-0.59%,-9.96%,-15.18%
163,Voise,VOISE,"$16,831,611 ",$0.03 ,"643,012,000 *","$240,488 ",3.16%,5.64%,13.57%
164,LBRY Credits,LBC,"$16,666,653 ",$0.16 ,"104,394,945","$179,721 ",2.18%,-2.61%,-14.16%
165,Stox,STX,"$16,548,265 ",$0.56 ,"29,600,000 *","$528,123 ",0.14%,-6.54%,-32.95%
166,Santiment Net...,SAN,"$16,077,358 ",$0.29 ,"55,967,968 *","$340,132 ",0.80%,-3.43%,-3.27%
167,Viberate,VIB,"$16,062,840 ",$0.13 ,"120,000,000 *","$46,328 ",1.92%,-2.98%,-19.56%
168,Polybius,PLBT,"$15,623,115 ",$4.10 ,"3,808,454 *","$18,984 ",0.79%,7.09%,8.27%
169,ZenCash,ZEN,"$15,212,476 ",$6.82 ,"2,229,310","$166,354 ",-1.19%,-8.84%,11.35%
170,Pillar,PLR,"$14,935,884 ",$0.07 ,"227,384,800 *","$28,585 ",-3.72%,-8.41%,16.88%
171,Omni,OMNI,"$14,874,313 ",$26.56 ,"559,930 *","$789,156 ",6.05%,13.27%,21.89%
172,MonetaryUnit,MUE,"$14,794,908 ",$0.12 ,"126,177,206","$81,532 ",-2.00%,-13.46%,-8.52%
173,SaluS,SLS,"$14,686,472 ",$14.62 ,"1,004,409 *","$21,276 ",0.25%,-15.98%,5.90%
174,E-coin,ECN,"$14,672,197 ",$3.46 ,"4,242,567","$39,233 ",0.18%,-4.90%,-4.51%
175,Peerplays,PPY,"$14,666,553 ",$3.84 ,"3,815,599 *","$1,140 ",0.47%,0.13%,37.46%
176,Po.et,POE,"$14,349,477 ",$0.01 ,"2,136,283,004 *","$30,344 ",0.73%,-7.24%,-32.60%
177,PotCoin,POT,"$14,224,498 ",$0.07 ,"218,260,213","$102,535 ",2.13%,-4.60%,1.14%
178,Chronobank,TIME,"$14,166,893 ",$19.95 ,"710,113 *","$531,674 ",0.16%,-4.79%,8.92%
179,Rivetz,RVT,"$14,030,555 ",$0.53 ,"26,244,468 *","$16,055 ",10.29%,9.23%,-11.72%
180,Energycoin,ENRG,"$13,714,804 ",$0.11 ,"121,304,465","$118,542 ",-2.23%,11.67%,12.86%
181,BlackCoin,BLK,"$13,694,271 ",$0.18 ,"76,430,866 *","$421,330 ",0.71%,-6.93%,-1.22%
182,Numeraire,NMR,"$13,538,425 ",$10.84 ,"1,248,667 *","$50,447 ",1.63%,-3.70%,-17.31%
183,OKCash,OK,"$13,280,046 ",$0.18 ,"73,036,710 *","$701,019 ",0.26%,-0.46%,8.72%
184,GridCoin,GRC,"$13,234,452 ",$0.03 ,"390,312,753","$118,136 ",1.82%,-11.03%,9.90%
185,Expanse,EXP,"$13,233,964 ",$1.67 ,"7,906,397","$93,305 ",0.12%,-3.51%,-7.05%
186,Agoras Tokens,AGRS,"$13,219,080 ",$0.31 ,"42,000,000 *","$86,950 ",-0.06%,4.33%,2.84%
187,Golos,GOLOS,"$13,072,865 ",$0.10 ,"124,518,891","$534,477 ",-5.70%,8.48%,7.67%
188,Quantum,QAU,"$13,002,541 ",$0.16 ,"79,522,355 *","$17,992 ",0.00%,-2.45%,-4.32%
189,ToaCoin,TOA,"$12,748,521 ",$0.01 ,"1,716,630,345","$62,661 ",-0.49%,-0.86%,32.44%
190,Agrello,DLT,"$12,707,677 ",$0.15 ,"85,978,873 *","$17,234 ",4.51%,-10.28%,-30.18%
191,Humaniq,HMQ,"$12,651,741 ",$0.08 ,"162,858,880 *","$158,506 ",-0.22%,-11.88%,-24.12%
192,Mothership,MSP,"$12,437,278 ",$0.09 ,"140,000,000 *","$130,889 ",3.54%,-18.44%,-29.39%
193,OAX,OAX,"$12,235,625 ",$0.49 ,"25,009,250 *","$184,552 ",2.64%,8.82%,-11.74%
194,Burst,BURST,"$12,067,066 ",$0.01 ,"1,800,339,818","$272,131 ",4.29%,8.66%,-12.12%
195,Mooncoin,MOON,"$12,042,762 ",$0.00 ,"222,406,204,601","$50,925 ",0.87%,13.52%,17.63%
196,Nexium,NXC,"$12,015,994 ",$0.18 ,"66,521,586 *","$121,770 ",0.18%,-12.42%,-25.09%
197,Kore,KORE,"$11,934,680 ",$5.90 ,"2,021,412 *","$225,582 ",0.30%,-5.63%,-14.91%
198,Lunyr,LUN,"$11,881,210 ",$5.17 ,"2,297,853 *","$121,539 ",-0.07%,-6.95%,-4.03%
199,Shift,SHIFT,"$11,840,736 ",$1.05 ,"11,295,394 *","$176,187 ",0.32%,-0.43%,-10.96%
200,Mysterium,MYST,"$11,833,927 ",$0.61 ,"19,429,024 *","$144,457 ",0.26%,-0.42%,-14.75%
201,RaiBlocks,XRB,"$11,724,985 ",$0.09 ,"124,905,296","$101,701 ",-2.12%,-2.90%,7.60%
202,Primas,PST,"$11,643,802 ",$0.23 ,"51,200,000 *","$5,296 ",0.14%,4.85%,-11.84%
203,Radium,RADS,"$11,550,845 ",$3.43 ,"3,367,093 *","$143,327 ",0.85%,-7.36%,-8.13%
204,Gambit,GAM,"$11,521,693 ",$9.64 ,"1,195,524 *","$30,215 ",0.18%,2.89%,11.73%
205,Swarm City,SWT,"$11,476,546 ",$1.50 ,"7,648,022 *","$33,557 ",2.23%,-3.69%,0.01%
206,AirToken,AIR,"$11,448,675 ",$0.01 ,"1,050,000,000 *","$28,393 ",4.01%,-0.63%,?
207,Clams,CLAM,"$11,176,145 ",$4.20 ,"2,663,816 *","$5,515,020 ",1.48%,-11.87%,-61.57%
208,Synereo,AMP,"$10,933,593 ",$0.13 ,"82,256,324 *","$251,267 ",-1.79%,-2.10%,-6.80%
209,Soarcoin,SOAR,"$10,863,184 ",$0.01 ,"763,073,048 *",$714 ,0.25%,9.79%,-14.34%
210,Matchpool,GUP,"$10,820,250 ",$0.14 ,"75,000,000 *","$818,235 ",1.46%,4.82%,-23.85%
211,Unobtanium,UNO,"$10,763,573 ",$54.41 ,"197,827","$38,080 ",7.45%,-7.80%,-59.01%
212,DigitalNote,XDN,"$10,528,849 ",$0.00 ,"6,885,695,758","$3,000,920 ",-0.79%,-5.20%,-19.42%
213,BCAP,BCAP,"$10,365,800 ",$1.04 ,"10,000,000 *","$17,157 ",0.15%,-6.85%,-0.68%
214,BitDice,CSNO,"$10,080,700 ",$0.14 ,"70,000,000 *","$10,183 ",-3.07%,-6.76%,-10.99%
215,Databits,DTB,"$10,012,698 ",$0.44 ,"22,747,809 *","$95,360 ",1.03%,0.57%,2.51%
216,VeriCoin,VRC,"$9,965,714 ",$0.33 ,"30,401,813","$114,808 ",0.08%,-4.27%,28.50%
217,CasinoCoin,CSC,"$9,797,830 ",$0.25 ,"38,601,187","$11,361 ",0.18%,1.69%,170.60%
218,PRIZM,PZM,"$9,753,280 ",$1.02 ,"9,589,586 *","$5,889 ",0.20%,-0.68%,20.34%
219,InvestFeed,IFT,"$9,737,364 ",$0.05 ,"191,381,257 *","$51,113 ",0.08%,-3.81%,-14.30%
220,Jinn,JINN,"$9,647,251 ",$164.34 ,"58,703 *","$18,077 ",0.26%,-4.01%,?
221,LoMoCoin,LMC,"$9,583,725 ",$0.04 ,"217,584,459 *","$132,067 ",-1.31%,-2.85%,8.52%
222,FlorinCoin,FLO,"$9,141,150 ",$0.07 ,"138,704,020","$117,242 ",-1.70%,-10.96%,-17.96%
223,XCurrency,XC,"$9,043,700 ",$1.54 ,"5,857,698 *","$1,606 ",0.18%,-3.47%,-5.19%
224,Obsidian,ODN,"$8,863,105 ",$0.36 ,"24,400,000 *","$58,987 ",0.73%,-14.32%,-17.45%
225,Wagerr,WGR,"$8,837,015 ",$0.05 ,"183,000,000 *","$29,680 ",1.05%,-1.71%,-7.23%
226,ALIS,ALIS,"$8,808,264 ",$0.23 ,"37,852,608 *","$270,661 ",1.56%,21.05%,?
227,Sphere,SPHR,"$8,674,222 ",$2.81 ,"3,082,940 *","$24,582 ",-1.63%,13.02%,12.42%
228,E-Dinar Coin,EDR,"$8,674,137 ",$0.01 ,"886,211,988","$666,498 ",-1.47%,-4.41%,9.88%
229,BitSend,BSD,"$8,594,302 ",$0.51 ,"16,812,475","$36,685 ",-0.73%,-4.30%,19.85%
230,Lampix,PIX,"$8,427,294 ",$0.07 ,"113,322,017 *","$8,101 ",0.11%,-15.24%,-23.02%
231,DAO.Casino,BET,"$8,135,984 ",$0.07 ,"109,942,758 *","$12,181 ",-8.01%,2.49%,-18.32%
232,vSlice,VSL,"$8,113,290 ",$0.24 ,"33,390,496 *","$97,946 ",0.23%,-3.18%,-38.65%
233,XTRABYTES,XBY,"$7,955,488 ",$0.02 ,"425,500,000 *","$14,550 ",0.14%,-6.21%,-4.11%
234,Centurion,CNT,"$7,953,096 ",$0.11 ,"72,038,260","$24,822 ",0.02%,-3.66%,16.72%
235,NeosCoin,NEOS,"$7,902,714 ",$2.24 ,"3,526,754","$93,928 ",-0.69%,-5.36%,-11.80%
236,Hive,HVN,"$7,858,838 ",$0.02 ,"375,000,000 *","$81,248 ",5.77%,13.37%,10.74%
237,Nimiq,NET,"$7,674,083 ",$0.73 ,"10,500,000 *","$117,303 ",-3.17%,-2.45%,-26.44%
238,iXledger,IXT,"$7,615,169 ",$0.21 ,"35,778,844 *","$63,196 ",6.70%,11.43%,-0.83%
239,NVO,NVST,"$7,585,665 ",$0.51 ,"15,000,000 *","$1,740 ",-9.81%,-14.20%,-3.53%
240,Pluton,PLU,"$7,543,270 ",$8.87 ,"850,000 *","$42,937 ",0.18%,1.81%,-7.03%
241,Spectrecoin,XSPEC,"$7,291,719 ",$0.36 ,"20,446,404 *","$20,538 ",-2.40%,-0.71%,-17.50%
242,SolarCoin,SLR,"$7,264,225 ",$0.20 ,"36,732,344 *","$77,127 ",0.02%,-6.74%,6.10%
243,Musicoin,MUSIC,"$7,259,801 ",$0.02 ,"385,892,812","$113,420 ",3.92%,2.90%,-9.08%
244,FedoraCoin,TIPS,"$7,201,173 ",$0.00 ,"443,168,182,458","$1,200 ",-1.50%,723.71%,384.15%
245,Waves Communi...,WCT,"$7,102,522 ",$0.71 ,"9,993,840 *","$46,085 ",-0.16%,-5.00%,-31.23%
246,Voxels,VOX,"$7,090,461 ",$0.03 ,"210,000,000 *","$83,782 ",-2.29%,-7.87%,-4.80%
247,Feathercoin,FTC,"$7,055,571 ",$0.04 ,"178,528,040","$37,632 ",1.38%,1.17%,0.96%
248,Incent,INCNT,"$6,998,300 ",$0.15 ,"46,016,625 *","$300,346 ",3.42%,-11.80%,-6.83%
249,Bitswift,SWIFT,"$6,846,189 ",$1.68 ,"4,067,969 *","$6,023,690 ",-2.85%,17.66%,76.43%
250,Project Decorum,PDC,"$6,618,700 ",$0.13 ,"50,000,000 *","$252,992 ",0.47%,2.38%,12.72%
251,Groestlcoin,GRS,"$6,612,112 ",$0.10 ,"68,595,284","$32,728 ",1.77%,-6.45%,-11.81%
252,OBITS,OBITS,"$6,536,529 ",$0.41 ,"15,819,400 *","$16,191 ",1.13%,-2.89%,-22.25%
253,PinkCoin,PINK,"$6,389,880 ",$0.02 ,"363,938,100","$97,515 ",-0.39%,-10.31%,-10.22%
254,VIBE,VIBE,"$6,381,809 ",$0.04 ,"165,972,519 *","$26,879 ",-4.37%,-3.83%,-24.27%
255,Bitcore,BTX,"$6,302,601 ",$5.80 ,"1,086,970","$66,384 ",0.45%,-3.75%,-9.73%
256,HEAT,HEAT,"$6,220,829 ",$0.21 ,"29,473,384 *",$642 ,0.25%,1.41%,-6.82%
257,Novacoin,NVC,"$6,205,541 ",$3.32 ,"1,867,597","$35,925 ",-0.50%,-5.90%,-15.40%
258,BitBean,BITB,"$6,205,087 ",$0.00 ,"2,170,385,000 *","$48,027 ",2.02%,3.49%,5.71%
259,WhiteCoin,XWC,"$6,167,961 ",$0.02 ,"248,403,623 *","$66,699 ",4.08%,6.65%,9.40%
260,Bitcrystals,BCY,"$6,111,177 ",$0.26 ,"23,233,059 *","$58,551 ",-3.41%,-4.37%,10.46%
261,Dimecoin,DIME,"$5,969,108 ",$0.00 ,"535,836,196,240","$3,541 ",2.18%,-21.76%,143.75%
262,bitCNY,BITCNY,"$5,950,952 ",$0.15 ,"40,198,000 *","$284,495 ",2.50%,2.33%,-1.53%
263,Blocktix,TIX,"$5,884,160 ",$0.15 ,"40,000,000 *","$6,425 ",0.28%,15.48%,-2.53%
264,Internet of P...,IOP,"$5,767,411 ",$3.18 ,"1,816,107","$2,350,380 ",-2.83%,-12.24%,-9.41%
265,ArtByte,ABY,"$5,731,629 ",$0.01 ,"792,537,250","$54,353 ",0.06%,-4.34%,1.47%
266,Tao,XTO,"$5,599,059 ",$0.18 ,"30,503,273","$2,320 ",1.60%,-6.35%,32.71%
267,Auroracoin,AUR,"$5,535,339 ",$0.64 ,"8,658,139","$19,273 ",-0.70%,-7.64%,-6.13%
268,Wild Beast Block,WBB,"$5,531,305 ",$2.27 ,"2,435,325","$8,625 ",-1.92%,-1.74%,-1.71%
269,E-Currency Coin,ECC,"$5,517,875 ",$0.00 ,"25,000,000,000",$989 ,0.18%,37.46%,12.31%
270,MyBit Token,MYB,"$5,509,266 ",$2.11 ,"2,616,334 *","$2,532 ",-1.65%,2.12%,-2.37%
271,ATC Coin,ATCC,"$5,371,850 ",$0.51 ,"10,525,960 *","$454,311 ",2.87%,-11.49%,-53.63%
272,BlockCAT,CAT,"$5,308,944 ",$0.72 ,"7,360,121 *","$13,118 ",-3.16%,-15.15%,-10.34%
273,Vcash,XVC,"$5,260,496 ",$0.34 ,"15,254,447","$60,846 ",0.33%,5.45%,11.21%
274,Creditbit,CRB,"$5,231,873 ",$0.32 ,"16,501,415 *","$55,207 ",0.16%,-2.12%,-20.90%
275,Curecoin,CURE,"$5,203,969 ",$0.22 ,"23,784,898","$100,375 ",1.64%,2.76%,-0.47%
276,REAL,REAL,"$5,090,184 ",$0.51 ,"10,055,817 *","$25,588 ",0.32%,-14.92%,-47.55%
277,Terracoin,TRC,"$5,079,993 ",$0.24 ,"21,380,350","$9,143 ",-2.47%,-6.46%,19.11%
278,PutinCoin,PUT,"$5,044,213 ",$0.03 ,"200,707,164","$3,702 ",-1.41%,13.77%,59.34%
279,HTMLCOIN,HTML5,"$5,043,629 ",$0.00 ,"40,659,020,000","$27,313 ",-0.26%,4.33%,-5.46%
280,Neutron,NTRN,"$4,998,570 ",$0.16 ,"31,456,344 *","$28,045 ",8.83%,3.69%,-10.16%
281,Blitzcash,BLITZ,"$4,996,844 ",$1.22 ,"4,097,050 *","$745,974 ",-6.25%,11.53%,27.94%
282,DubaiCoin,DBIX,"$4,955,834 ",$3.76 ,"1,319,093","$35,700 ",-0.90%,-7.57%,-24.30%
283,GoldCoin,GLD,"$4,912,976 ",$0.12 ,"40,561,544","$15,013 ",0.67%,-3.11%,5.72%
284,EmberCoin,EMB,"$4,870,632 ",$0.00 ,"78,324,745,312 *","$55,161 ",6.25%,-5.44%,-23.19%
285,Global Curren...,GCR,"$4,836,672 ",$0.05 ,"103,270,893 *","$14,005 ",1.92%,1.41%,0.23%
286,ExclusiveCoin,EXCL,"$4,725,126 ",$1.10 ,"4,281,945","$24,505 ",1.62%,1.02%,2.86%
287,Sequence,SEQ,"$4,724,375 ",$0.10 ,"45,062,718","$58,509 ",0.99%,1.36%,-4.85%
288,Condensate,RAIN,"$4,693,505 ",$0.05 ,"86,556,912","$9,714 ",-1.51%,-11.36%,-16.85%
289,Mintcoin,MINT,"$4,616,137 ",$0.00 ,"24,915,995,995 *","$1,415 ",-0.78%,36.02%,91.81%
290,Stealthcoin,XST,"$4,610,465 ",$0.17 ,"27,145,454","$68,568 ",-1.07%,-9.18%,-4.10%
291,Primalbase Token,PBT,"$4,586,980 ","$4,586.98 ","1,000 *","$11,146 ",0.07%,-4.51%,5.71%
292,DNotes,NOTE,"$4,540,983 ",$0.04 ,"128,032,226","$21,085 ",0.05%,-0.63%,-19.73%
293,Qwark,QWARK,"$4,535,719 ",$0.12 ,"37,500,161 *","$40,546 ",2.22%,-2.32%,-12.89%
294,FoldingCoin,FLDC,"$4,529,890 ",$0.01 ,"524,682,737 *","$69,474 ",0.85%,-8.85%,-8.17%
295,EncryptoTel [...,ETT,"$4,503,909 ",$0.07 ,"62,131,190 *","$1,236 ",0.03%,8.90%,-1.34%
296,TrueFlip,TFL,"$4,442,419 ",$0.71 ,"6,247,267 *","$11,473 ",11.32%,11.40%,5.06%
297,EuropeCoin,ERC,"$4,433,612 ",$0.45 ,"9,932,016","$79,127 ",6.69%,4.84%,-2.48%
298,Dent,DENT,"$4,398,895 ",$0.00 ,"10,614,760,961 *","$3,665 ",-6.23%,-20.56%,-22.28%
299,Propy,PRO,"$4,369,108 ",$0.31 ,"14,057,212 *","$40,402 ",1.04%,-3.09%,-20.51%
300,Pesetacoin,PTC,"$4,313,795 ",$0.03 ,"131,058,244","$14,124 ",1.10%,-4.04%,-1.11%
301,BridgeCoin,BCO,"$4,256,611 ",$0.17 ,"24,522,048","$28,502 ",-0.49%,-1.39%,?
302,TransferCoin,TX,"$4,250,407 ",$0.69 ,"6,161,376 *","$135,896 ",-1.81%,12.76%,60.54%
303,TrustPlus,TRUST,"$4,249,196 ",$0.13 ,"32,086,595 *","$1,319,810 ",-0.29%,-40.13%,41.18%
304,Synergy,SNRG,"$4,204,707 ",$1.35 ,"3,114,713 *","$15,817 ",-0.71%,4.97%,16.11%
305,PoSW Coin,POSW,"$4,193,434 ",$0.10 ,"44,100,000 *","$49,940 ",1.69%,-7.59%,-26.53%
306,VeriumReserve,VRM,"$4,152,303 ",$3.14 ,"1,321,905","$155,157 ",1.17%,2.18%,62.79%
307,Bitcoin Plus,XBC,"$4,126,294 ",$40.57 ,"101,701 *","$29,099 ",-2.57%,-12.76%,-30.70%
308,ZrCoin,ZRC,"$4,122,363 ",$1.14 ,"3,630,790 *","$56,876 ",-0.16%,-1.82%,16.59%
309,SpreadCoin,SPR,"$4,092,360 ",$0.46 ,"8,923,923","$481,300 ",4.58%,-1.59%,-81.71%
310,CVCoin,CVCOIN,"$4,076,518 ",$0.50 ,"8,157,653 *","$9,367 ",20.28%,-6.61%,30.20%
311,Circuits of V...,COVAL,"$3,972,870 ",$0.00 ,"1,000,000,000 *","$36,343 ",-1.13%,-5.39%,-10.64%
312,Unity Ingot,UNY,"$3,968,411 ",$0.02 ,"202,000,000 *","$1,784 ",-0.42%,-15.32%,-26.83%
313,Dynamic,DYN,"$3,931,963 ",$2.15 ,"1,827,239 *","$339,308 ",-14.35%,0.77%,1.34%
314,ParkByte,PKB,"$3,627,735 ",$0.76 ,"4,764,026 *","$6,527,610 ",-6.97%,83.46%,158.36%
315,Pascal Coin,PASC,"$3,617,323 ",$0.26 ,"14,149,900","$26,447 ",3.72%,3.45%,-17.59%
316,Visio,VISIO,"$3,548,691 ",$0.07 ,"50,784,312 *","$8,506 ",0.25%,-16.38%,-20.24%
317,APX,APX,"$3,542,876 ",$5.04 ,"703,179 *","$28,159 ",-1.05%,-4.42%,-21.00%
318,EquiTrader,EQT,"$3,476,124 ",$0.36 ,"9,524,176","$22,274 ",0.89%,-13.84%,-34.66%
319,Bela,BELA,"$3,450,387 ",$0.09 ,"38,065,050","$33,715 ",0.35%,-13.48%,-31.00%
320,HempCoin,THC,"$3,401,739 ",$0.01 ,"227,489,313","$148,181 ",-0.01%,1.72%,0.11%
321,Hush,HUSH,"$3,401,536 ",$1.52 ,"2,242,500","$21,535 ",1.56%,-6.69%,-20.08%
322,GeoCoin,GEO,"$3,370,341 ",$1.04 ,"3,253,508","$131,364 ",0.12%,-5.48%,12.86%
323,Steem Dollars,SBD,"$3,328,845 ",$0.96 ,"3,484,020 *","$61,524 ",1.40%,1.84%,1.80%
324,Social,SCL,"$3,284,489 ",$0.20 ,"16,714,020 *","$4,769 ",-0.24%,0.67%,-45.92%
325,bitUSD,BITUSD,"$3,172,199 ",$1.02 ,"3,095,100 *","$75,903 ",0.82%,0.86%,1.04%
326,BlueCoin,BLU,"$3,158,467 ",$0.01 ,"574,683,675","$16,091 ",0.27%,12.32%,13.39%
327,Syndicate,SYNX,"$3,126,834 ",$0.20 ,"15,666,680 *","$55,788 ",-2.60%,-3.18%,10.01%
328,DopeCoin,DOPE,"$3,126,061 ",$0.03 ,"111,085,648 *","$45,546 ",4.98%,0.08%,-2.97%
329,Myriad,XMY,"$3,108,330 ",$0.00 ,"1,520,925,250","$24,647 ",-4.82%,-3.04%,3.60%
330,Hubii Network,HBT,"$3,084,073 ",$0.14 ,"22,261,249 *","$12,040 ",-0.45%,-0.86%,?
331,VPNCoin,VASH,"$3,042,142 ",$0.01 ,"400,339,746 *","$1,211,590 ",-0.85%,-8.41%,16.79%
332,ZClassic,ZCL,"$2,998,911 ",$1.66 ,"1,809,800","$55,163 ",-0.80%,-0.97%,-11.45%
333,Opus,OPT,"$2,964,132 ",$0.02 ,"140,080,549 *","$4,211 ",0.17%,-14.00%,-36.65%
334,Breakout Stake,BRX,"$2,915,210 ",$0.47 ,"6,268,082 *","$31,354 ",2.84%,0.00%,17.70%
335,Remicoin,RMC,"$2,909,024 ",$1.47 ,"1,979,224 *","$1,685 ",0.25%,-4.49%,7.65%
336,2GIVE,2GIVE,"$2,906,524 ",$0.01 ,"516,514,193","$18,883 ",-2.85%,-5.61%,14.18%
337,ChainCoin,CHC,"$2,891,310 ",$0.18 ,"15,767,200","$6,232 ",2.19%,-9.90%,-23.14%
338,Memetic,MEME,"$2,879,828 ",$0.17 ,"16,458,796","$319,922 ",-0.48%,-10.95%,15.99%
339,EverGreenCoin,EGC,"$2,877,787 ",$0.22 ,"13,321,301","$20,649 ",0.16%,0.04%,2.09%
340,DeepOnion,ONION,"$2,844,230 ",$0.80 ,"3,552,476","$15,000 ",0.85%,-12.04%,6.13%
341,Embers,MBRS,"$2,778,320 ",$0.06 ,"50,000,000 *","$1,719 ",-1.71%,7.72%,15.99%
342,SunContract,SNC,"$2,769,631 ",$0.03 ,"107,712,011 *","$288,807 ",6.70%,-14.09%,-16.13%
343,Crave,CRAVE,"$2,678,622 ",$1.92 ,"1,398,532 *","$14,709 ",3.30%,-2.47%,-38.79%
344,Janus,JNS,"$2,597,820 ",$0.11 ,"22,714,369 *","$10,970 ",0.31%,2.80%,44.50%
345,Espers,ESP,"$2,497,316 ",$0.00 ,"20,686,334,213","$4,201 ",1.61%,-0.83%,-15.95%
346,NEVERDIE,NDC,"$2,469,289 ",$0.06 ,"41,004,200 *","$28,260 ",0.92%,-1.87%,-3.61%
347,Breakout,BRK,"$2,414,221 ",$0.13 ,"18,142,083","$20,442 ",1.71%,-2.91%,-2.27%
348,Bismuth,BIS,"$2,408,256 ",$0.49 ,"4,886,565","$24,601 ",-3.89%,-15.79%,-30.43%
349,Bitmark,BTM,"$2,319,302 ",$0.34 ,"6,863,160","$5,476 ",14.74%,-1.79%,-25.11%
350,COSS,COSS,"$2,291,544 ",$0.12 ,"19,447,887 *","$998,794 ",-0.58%,-17.10%,-19.88%
351,Zennies,ZENI,"$2,264,789 ",$0.00 ,"1,000,812,836 *","$8,856 ",-1.02%,-6.57%,38.43%
352,Legends Room,LGD,"$2,256,620 ",$1.13 ,"2,000,000 *","$4,101,720 ",-0.77%,44.51%,20.10%
353,Sexcoin,SXC,"$2,240,918 ",$0.02 ,"124,862,420","$10,031 ",8.73%,0.65%,64.36%
354,Signatum,SIGT,"$2,235,511 ",$0.02 ,"107,972,766 *","$35,746 ",-0.54%,-20.64%,-26.25%
355,Starta,STA,"$2,232,135 ",$0.44 ,"5,063,287 *","$10,145 ",-0.24%,-12.58%,-17.71%
356,Zeitcoin,ZEIT,"$2,150,807 ",$0.00 ,"36,971,143,324","$5,373 ",-0.30%,-22.90%,-24.43%
357,Primecoin,XPM,"$2,147,989 ",$0.10 ,"20,966,013","$327,005 ",-0.51%,-3.67%,-29.59%
358,B3Coin,B3,"$2,103,964 ",$0.01 ,"325,355,035","$120,768 ",4.55%,-32.15%,-69.51%
359,vTorrent,VTR,"$2,103,759 ",$0.19 ,"10,815,966","$36,460 ",-0.77%,-3.74%,11.51%
360,Tokes,TKS,"$2,084,280 ",$1.84 ,"1,133,007 *","$43,779 ",-0.85%,-0.10%,16.97%
361,CannabisCoin,CANN,"$2,045,151 ",$0.03 ,"77,231,176","$26,403 ",0.21%,-4.16%,-4.16%
362,Darcrus,DAR,"$2,040,997 ",$0.15 ,"13,600,388 *","$954,338 ",0.18%,-3.41%,25.93%
363,Magi,XMG,"$2,021,067 ",$0.27 ,"7,489,290","$195,324 ",-2.52%,10.56%,27.90%
364,Creativecoin,CREA,"$1,911,061 ",$0.15 ,"12,553,688","$1,444 ",-10.26%,-12.39%,-7.95%
365,CryptoPing,PING,"$1,881,014 ",$0.19 ,"9,952,089 *","$83,051 ",-7.51%,-15.42%,-12.55%
366,Oceanlab,OCL,"$1,800,020 ",$0.04 ,"46,500,000 *","$10,645 ",0.00%,0.20%,-20.44%
367,Adelphoi,ADL,"$1,774,420 ",$0.08 ,"23,472,224 *",$621 ,0.26%,-2.05%,-27.91%
368,VIVO,VIVO,"$1,774,409 ",$4.02 ,"441,118","$115,953 ",1.50%,-1.32%,49.72%
369,Giga Watt Token,WTT,"$1,774,071 ",$1.97 ,"900,000 *","$37,431 ",0.06%,-1.11%,18.88%
370,Happycoin,HPC,"$1,737,068 ",$0.14 ,"12,269,943","$151,886 ",0.47%,-7.88%,-21.84%
371,CHIPS,CHIPS,"$1,724,662 ",$0.10 ,"16,450,422","$5,685 ",0.25%,1.33%,-40.04%
372,e-Gulden,EFL,"$1,699,577 ",$0.11 ,"15,496,769","$16,759 ",-1.00%,0.05%,14.27%
373,Startcoin,START,"$1,683,757 ",$0.04 ,"45,079,785","$51,435 ",1.34%,-3.23%,-16.20%
374,Riecoin,RIC,"$1,671,805 ",$0.04 ,"38,062,775","$180,061 ",0.18%,-10.19%,2.41%
375,Elixir,ELIX,"$1,619,438 ",$0.08 ,"21,220,103 *","$47,559 ",-0.38%,-15.88%,-30.83%
376,LuckChain,BASH,"$1,609,143 ",$0.00 ,"710,899,849","$2,002 ",0.18%,-18.64%,-10.54%
377,MarteXcoin,MXT,"$1,585,660 ",$0.57 ,"2,768,295","$16,406 ",-2.11%,-21.25%,-38.33%
378,HyperStake,HYP,"$1,582,325 ",$0.00 ,"1,022,338,672 *","$2,316 ",-0.97%,-11.38%,4.81%
379,AdShares,ADST,"$1,576,260 ",$0.13 ,"12,423,427 *",$606 ,0.23%,-11.43%,-17.14%
380,NautilusCoin,NAUT,"$1,572,207 ",$0.10 ,"16,180,000 *","$20,674 ",1.04%,-9.91%,-31.51%
381,808Coin,808,"$1,561,867 ",$0.00 ,"910,624,824","$52,069 ",-1.55%,-2.47%,9.40%
382,CryptoCarbon,CCRB,"$1,544,713 ",$0.43 ,"3,562,111 *","$72,007 ",0.24%,-8.44%,22.00%
383,Unify,UNIFY,"$1,523,866 ",$0.09 ,"17,735,750 *","$17,389 ",0.93%,-3.18%,-40.88%
384,ICO OpenLedger,ICOO,"$1,512,739 ",$3.25 ,"465,858 *","$1,046 ",3.10%,-3.08%,-15.35%
385,SmileyCoin,SMLY,"$1,483,823 ",$0.00 ,"25,960,250,000","$1,720 ",0.20%,-5.78%,24.99%
386,SkinCoin,SKIN,"$1,438,326 ",$0.02 ,"88,183,483 *","$7,322 ",15.52%,16.50%,4.38%
387,MergeCoin,MGC,"$1,414,911 ",$0.01 ,"95,000,000 *","$95,741 ",0.00%,-2.12%,-4.63%
388,Mercury,MER,"$1,372,060 ",$0.01 ,"100,000,000 *","$3,156 ",0.13%,-1.40%,-3.08%
389,Crypto Bullion,CBX,"$1,361,442 ",$1.36 ,"1,002,837",$590 ,-14.45%,-13.94%,-14.02%
390,Internxt,INXT,"$1,359,421 ",$2.16 ,"629,610 *","$35,601 ",8.10%,21.81%,6.87%
391,Linda,LINDA,"$1,343,189 ",$0.00 ,"6,003,429,666","$6,234 ",-8.54%,-11.34%,-5.82%
392,Renos,RNS,"$1,306,628 ",$0.04 ,"33,356,077 *","$3,072 ",0.18%,-9.11%,-15.53%
393,Growers Inter...,GRWI,"$1,304,819 ",$1.25 ,"1,046,812 *","$2,976 ",0.25%,16.54%,1.31%
394,Adzcoin,ADZ,"$1,283,956 ",$0.03 ,"45,120,582","$3,556 ",6.54%,18.93%,-14.03%
395,HunterCoin,HUC,"$1,276,115 ",$0.07 ,"19,632,350","$13,690 ",-1.21%,-12.05%,-21.49%
396,Dotcoin,DOT,"$1,267,337 ",$0.00 ,"257,207,250 *","$10,735 ",-0.65%,-15.10%,21.53%
397,Mao Zedong,MAO,"$1,260,887 ",$0.20 ,"6,216,260","$1,769 ",0.18%,-3.88%,35.24%
398,FundYourselfNow,FYN,"$1,258,986 ",$1.48 ,"850,000 *","$3,222 ",-31.79%,-28.74%,-33.09%
399,Colossuscoin V2,CV2,"$1,251,946 ",$0.00 ,"22,682,560,087 *","$1,038 ",-0.01%,-9.33%,-40.48%
400,1337,1337,"$1,242,204 ",$0.00 ,"23,271,965,570 *","$10,399 ",0.39%,-6.40%,-16.17%
401,ArcticCoin,ARC,"$1,197,373 ",$0.05 ,"24,473,933","$33,260 ",-1.19%,15.92%,9.56%
402,Minereum,MNE,"$1,187,275 ",$1.02 ,"1,163,984 *","$20,849 ",0.05%,-29.48%,-22.87%
403,Onix,ONX,"$1,182,423 ",$0.04 ,"27,432,814","$22,445 ",-2.01%,-7.50%,-9.62%
404,Authorship,ATS,"$1,173,952 ",$0.01 ,"80,000,000 *","$25,401 ",1.20%,?,?
405,Fastcoin,FST,"$1,159,093 ",$0.01 ,"126,000,000","$1,813 ",-3.10%,-4.91%,-25.03%
406,Miners' Rewar...,MRT,"$1,095,300 ",$0.11 ,"10,000,000 *","$15,565 ",0.36%,-4.45%,-2.57%
407,XP,XP,"$1,093,000 ",$0.00 ,"153,864,748,052","$5,132 ",9.29%,43.48%,31.54%
408,Trackr,TKR,"$1,078,925 ",$0.09 ,"12,079,528 *","$18,260 ",6.22%,33.15%,7.76%
409,Rupee,RUP,"$1,068,980 ",$0.05 ,"22,012,600","$7,293 ",-4.61%,-9.99%,-31.36%
410,HiCoin,XHI,"$1,067,812 ",$0.01 ,"189,729,990","$93,291 ",0.25%,-2.02%,3.19%
411,EOT Token,EOT,"$1,062,003 ",$0.42 ,"2,500,000 *","$22,469 ",-3.89%,-4.59%,-26.17%
412,Zoin,ZOI,"$1,058,446 ",$0.07 ,"14,338,050","$4,256 ",0.18%,0.40%,-10.95%
413,Influxcoin,INFX,"$1,057,543 ",$0.63 ,"1,673,383","$45,638 ",2.18%,-1.18%,8.61%
414,Capricoin,CPC,"$1,048,390 ",$0.53 ,"1,990,045 *","$11,828 ",1.48%,1.21%,7.37%
415,MonacoCoin,XMCC,"$1,022,308 ",$0.45 ,"2,286,040","$7,616 ",0.31%,-3.88%,-35.20%
416,Infinitecoin,IFC,"$1,021,718 ",$0.00 ,"90,596,274,910","$1,867 ",-0.12%,-16.37%,-10.99%
417,NuBits,USNBT,"$955,520 ",$0.99 ,"960,923 *","$110,692 ",0.16%,-0.09%,-0.57%
418,Netko,NETKO,"$949,529 ",$0.24 ,"4,012,615","$2,032 ",0.19%,-6.40%,-24.71%
419,Bytecent,BYC,"$944,916 ",$0.52 ,"1,819,640","$20,644 ",3.03%,-1.87%,-8.50%
420,WorldCoin,WDC,"$909,462 ",$0.01 ,"116,043,204","$1,192 ",-1.19%,-9.75%,-2.76%
421,TrezarCoin,TZC,"$896,291 ",$0.01 ,"73,833,800","$1,683 ",2.93%,-5.04%,-24.00%
422,ZcCoin,ZCC,"$862,089 ",$0.01 ,"61,657,044","$260,665 ",0.00%,-6.95%,-6.79%
423,Carboncoin,CARBON,"$849,312 ",$0.00 ,"15,391,999,573",$649 ,0.25%,-3.38%,20.65%
424,FujiCoin,FJC,"$842,903 ",$0.00 ,"1,137,591,936","$2,827 ",0.04%,7.35%,23.74%
425,LiteDoge,LDOGE,"$826,093 ",$0.00 ,"14,863,570,508 *","$1,848 ",0.15%,-6.82%,-9.12%
426,eBTC,EBTC,"$824,431 ",$0.04 ,"20,564,300 *","$63,089 ",-5.29%,-23.66%,-80.90%
427,Cream,CRM,"$818,448 ",$0.02 ,"44,608,414","$3,255 ",1.46%,-13.82%,-1.33%
428,MaxCoin,MAX,"$815,478 ",$0.01 ,"60,569,093","$2,314 ",1.15%,2.48%,0.31%
429,Bata,BTA,"$800,886 ",$0.16 ,"4,979,891","$30,288 ",-0.26%,-4.09%,-25.06%
430,Bowhead,AHT,"$797,110 ",$0.10 ,"8,000,000 *",$984 ,0.22%,-28.08%,-20.29%
431,InflationCoin,IFLT,"$794,082 ",$0.00 ,"24,752,565,774 *",$806 ,11.29%,0.61%,-24.99%
432,Zetacoin,ZET,"$763,348 ",$0.00 ,"166,828,696",$694 ,1.41%,-1.96%,1.92%
433,UFO Coin,UFO,"$759,927 ",$0.00 ,"3,443,025,012",$524 ,33.58%,19.14%,20.22%
434,Megacoin,MEC,"$754,407 ",$0.02 ,"36,007,325","$1,362 ",0.25%,-4.12%,11.32%
435,InsaneCoin,INSN,"$749,380 ",$0.04 ,"16,860,646",$608 ,2.54%,-7.89%,-40.51%
436,Bitradio,BRO,"$748,677 ",$0.13 ,"5,747,733 *",$820 ,0.31%,-0.66%,14.21%
437,BlakeStar,BLAS,"$735,823 ",$0.00 ,"243,073,066","$169,803 ",7.05%,-21.44%,5.36%
438,PoSToken,POS,"$733,504 ",$1.27 ,"578,962 *","$4,265 ",-14.30%,-3.70%,?
439,BritCoin,BRIT,"$715,863 ",$0.03 ,"21,268,092",$621 ,0.11%,-5.74%,4.18%
440,FuckToken,FUCK,"$710,309 ",$0.01 ,"51,393,075 *",$775 ,0.14%,4.11%,-29.68%
441,Karbowanec,KRB,"$690,163 ",$0.15 ,"4,542,430","$9,462 ",1.37%,-6.89%,24.18%
442,Fujinto,NTO,"$683,233 ",$0.01 ,"65,802,448 *","$543,310 ",-4.50%,-39.58%,-19.65%
443,EthBet,EBET,"$670,383 ",$0.08 ,"8,502,300 *","$2,580 ",0.14%,-22.19%,-63.37%
444,Fantomcoin,FCN,"$648,978 ",$0.10 ,"6,190,179",$822 ,-3.15%,-0.92%,-7.53%
445,DigitalPrice,DP,"$648,642 ",$0.04 ,"16,618,924 *","$1,020 ",0.19%,-14.77%,-37.24%
446,DraftCoin,DFT,"$641,493 ",$0.36 ,"1,788,627 *","$3,352 ",0.56%,4.46%,57.12%
447,Greencoin,GRE,"$619,747 ",$0.00 ,"3,445,968,641 *",$799 ,-2.71%,-2.68%,-70.16%
448,DigitalDevelo...,DDF,"$611,494 ",$0.12 ,"5,118,307 *","$1,515 ",0.03%,-1.93%,18.23%
449,Tychocoin,TYCHO,"$610,757 ",$0.12 ,"5,024,368","$14,871 ",0.18%,-9.50%,-22.22%
450,Sumokoin,SUMO,"$609,122 ",$0.33 ,"1,826,503","$5,677 ",-5.50%,-26.86%,-42.84%
451,UnbreakableCoin,UNB,"$601,124 ",$0.26 ,"2,278,150","$126,603 ",4.24%,3.19%,17.45%
452,iTicoin,ITI,"$592,947 ",$18.53 ,"32,000 *",$551 ,0.69%,-10.19%,-17.25%
453,Ethereum Dark,ETHD,"$589,886 ",$0.39 ,"1,500,000","$146,278 ",0.07%,-9.81%,-84.58%
454,StarCredits,STRC,"$586,994 ",$0.13 ,"4,500,000 *",$724 ,0.25%,-16.17%,-19.70%
455,CryptoWorldX ...,CWXT,"$578,775 ",$0.01 ,"57,385,690 *","$25,725 ",-5.90%,-12.06%,135.16%
456,Moin,MOIN,"$571,262 ",$0.08 ,"7,197,170 *",$780 ,0.88%,-0.10%,-18.37%
457,Shorty,SHORTY,"$562,823 ",$0.01 ,"100,000,000 *","$1,385 ",0.17%,-10.97%,-21.73%
458,RouletteToken,RLT,"$559,044 ",$0.06 ,"10,120,594 *","$8,141 ",1.47%,7.48%,14.51%
459,Linx,LINX,"$555,359 ",$0.06 ,"8,977,900","$10,495 ",3.40%,-6.09%,-2.89%
460,Triangles,TRI,"$546,256 ",$7.49 ,"72,891","$1,682 ",8.22%,-3.22%,-8.43%
461,Billionaire T...,XBL,"$539,142 ",$0.16 ,"3,315,372 *","$5,827 ",0.58%,-18.95%,-35.29%
462,WhaleCoin,WHL,"$536,830 ",$0.28 ,"1,907,652","$28,830 ",-3.53%,-3.00%,-34.09%
463,UltraCoin,UTC,"$495,380 ",$0.01 ,"44,225,244",$786 ,0.25%,5.33%,20.14%
464,PostCoin,POST,"$491,444 ",$0.03 ,"15,868,233 *","$2,069 ",-0.14%,2.15%,34.56%
465,Denarius,DNR,"$488,432 ",$0.29 ,"1,674,736","$1,910 ",0.12%,15.05%,-4.91%
466,ProCurrency,PROC,"$460,355 ",$0.04 ,"12,815,205 *","$5,858 ",-6.25%,-22.52%,6.57%
467,DaxxCoin,DAXX,"$460,000 ",$0.00 ,"490,589,770","$4,592 ",9.37%,16.39%,7.47%
468,Vsync,VSX,"$458,646 ",$0.00 ,"98,964,274","$6,405 ",1.33%,-22.94%,-52.08%
469,42-coin,42,"$457,073 ","$10,882.70 ",41.999999,$591 ,0.17%,9.53%,19.18%
470,Electra,ECA,"$454,786 ",$0.00 ,"20,702,109,173","$1,468 ",-7.89%,-25.87%,104.14%
471,Virtacoinplus,XVP,"$452,310 ",$0.05 ,"9,134,750","$2,130 ",-1.40%,-18.86%,-3.31%
472,Solaris,XLR,"$440,653 ",$0.77 ,"570,463","$5,109 ",28.87%,19.67%,-17.26%
473,GCoin,GCN,"$438,306 ",$0.00 ,"145,418,135,000",$585 ,-2.19%,-4.72%,34.04%
474,NewYorkCoin,NYC,"$435,989 ",$0.00 ,"129,032,781,759",$695 ,-38.69%,11.56%,-18.80%
475,Unitus,UIS,"$429,182 ",$0.01 ,"46,785,866","$3,731 ",-0.99%,-5.87%,-27.38%
476,Pakcoin,PAK,"$384,046 ",$0.01 ,"42,273,100","$1,242 ",0.24%,-10.81%,-11.32%
477,HoboNickels,HBN,"$375,513 ",$0.01 ,"59,696,358","$1,074 ",0.18%,-5.88%,14.61%
478,Veltor,VLT,"$370,793 ",$0.67 ,"554,855",$725 ,0.25%,-4.12%,1.81%
479,EMoneyPower,EMP,"$370,052 ",$0.04 ,"9,200,000 *","$1,965 ",0.25%,-16.43%,2.79%
480,Anoncoin,ANC,"$368,974 ",$0.17 ,"2,110,317",$603 ,0.25%,-5.21%,12.75%
481,DAS,DAS,"$364,897 ",$0.14 ,"2,594,458","$7,084 ",-5.36%,-13.92%,-9.23%
482,Rubies,RBIES,"$356,707 ",$0.03 ,"10,415,252 *","$5,336 ",-4.25%,-4.67%,14.24%
483,FuturXe,FXE,"$354,937 ",$1.51 ,"235,421 *","$26,393 ",-11.15%,-10.52%,5.10%
484,Eternity,ENT,"$343,865 ",$0.09 ,"4,007,421",$729 ,20.41%,0.27%,4.12%
485,Deutsche eMark,DEM,"$341,567 ",$0.01 ,"27,793,416","$1,376 ",0.09%,-7.54%,-6.71%
486,WavesGo,WGO,"$341,253 ",$0.03 ,"9,995,510 *",$550 ,-22.34%,-25.04%,-48.14%
487,Falcoin,FAL,"$333,045 ",$1.69 ,"196,766","$286,738 ",0.03%,-16.60%,-35.67%
488,Scorecoin,SCORE,"$306,904 ",$0.01 ,"30,346,591","$4,252 ",-1.42%,-23.67%,-55.69%
489,WomenCoin,WOMEN,"$299,904 ",$0.01 ,"23,870,835","$2,759 ",0.24%,3.87%,-22.74%
490,Swing,SWING,"$287,799 ",$0.11 ,"2,621,887","$3,808 ",0.25%,16.99%,14.43%
491,TrumpCoin,TRUMP,"$286,996 ",$0.04 ,"6,545,433","$1,645 ",-8.42%,-32.98%,-15.58%
492,Bitzeny,ZNY,"$283,718 ",$0.00 ,"75,614,500","$9,346 ",42.02%,14.59%,291.66%
493,Kayicoin,KAYI,"$279,322 ",$0.00 ,"283,888,554 *",$525 ,-11.23%,12.04%,-36.83%
494,Dalecoin,DALC,"$277,176 ",$0.69 ,"400,000 *","$5,651 ",10.55%,-9.88%,-66.81%
495,bitBTC,BITBTC,"$263,178 ","$5,596.17 ",47.0283 *,"$7,625 ",1.41%,-4.72%,23.28%
496,Interzone,ITZ,"$245,761 ",$0.34 ,"718,031","$13,315 ",-0.28%,-17.41%,-1.58%
497,OHM,OHM,"$241,353 ",$0.01 ,"29,160,138 *",$971 ,0.25%,-9.63%,-30.04%
498,Pesobit,PSB,"$226,719 ",$0.01 ,"33,404,996 *",$650 ,0.18%,1.55%,28.59%
499,BriaCoin,BRIA,"$222,938 ",$0.55 ,"405,342 *","$1,439 ",-0.62%,-17.59%,76.76%
500,Wyvern,WYV,"$212,897 ",$0.13 ,"1,614,359 *",$547 ,0.18%,-3.40%,16.72%
501,MojoCoin,MOJO,"$211,444 ",$0.02 ,"12,113,692 *","$2,815 ",3.87%,-14.48%,-68.25%
502,Francs,FRN,"$199,877 ",$0.05 ,"3,867,080",$857 ,0.24%,-2.76%,-6.33%
503,CoinonatX,XCXT,"$198,791 ",$0.01 ,"13,891,374","$1,723 ",-12.10%,-1.35%,-38.40%
504,Elcoin,EL,"$188,398 ",$0.02 ,"11,208,967 *","$1,536 ",7.79%,-3.54%,9.41%
505,DT Token,DRACO,"$185,751 ",$0.00 ,"88,888,888 *","$23,963 ",-0.11%,-3.61%,-37.68%
506,Bolivarcoin,BOLI,"$180,869 ",$0.02 ,"7,875,900","$1,114 ",0.04%,-10.85%,-5.29%
507,Bolenum,BLN,"$176,572 ",$0.02 ,"10,000,000 *","$7,933 ",0.25%,-27.68%,-42.56%
508,CybCSec,XCS,"$164,367 ",$0.02 ,"10,638,570 *","$14,157 ",-2.31%,-18.98%,-16.09%
509,Virta Unique ...,VUC,"$163,673 ",$0.00 ,"61,134,875","$3,793 ",-1.69%,-4.09%,-3.81%
510,Cryptojacks,CJ,"$145,031 ",$0.00 ,"406,568,581","$1,615 ",-0.23%,-7.78%,4.76%
511,GoldBlocks,GB,"$139,512 ",$0.01 ,"15,134,939","$2,925 ",2.72%,-2.60%,24.28%
512,LanaCoin,LANA,"$137,408 ",$0.00 ,"818,725,395","$2,027 ",0.32%,-39.68%,-33.66%
513,Theresa May Coin,MAY,"$127,984 ",$0.01 ,"21,558,000",$966 ,-0.34%,-2.69%,-33.49%
514,X-Coin,XCO,"$120,357 ",$0.01 ,"12,384,976 *",$992 ,0.17%,8.85%,4.18%
515,C-Bit,XCT,"$119,519 ",$0.00 ,"157,223,250","$1,383 ",-1.41%,-17.64%,-40.84%
516,BERNcash,BERN,"$119,424 ",$0.00 ,"71,234,301","$6,350 ",-0.45%,-1.83%,14.31%
517,Crypto,CTO,"$118,021 ",$0.01 ,"11,561,509","$1,134 ",0.25%,-19.48%,58.09%
518,GlobalBoost-Y,BSTY,"$112,873 ",$0.01 ,"12,878,067","$3,152 ",-1.22%,-5.69%,12.68%
519,Rupaya,RUPX,"$107,047 ",$0.02 ,"6,027,542",$886 ,-18.23%,-23.29%,-44.92%
520,ReeCoin,REE,"$106,463 ",$0.00 ,"2,560,000,000","$3,020 ",8.60%,-24.09%,-30.97%
521,Digitalcoin,DGC,"$95,884 ",$0.00 ,"26,917,709",$679 ,0.46%,6.00%,-5.01%
522,BitcoinFast,BCF,"$93,513 ",$0.02 ,"4,174,204",$581 ,1.16%,2.13%,-4.73%
523,BoostCoin,BOST,"$91,584 ",$0.01 ,"11,855,487","$3,215 ",20.47%,73.38%,111.31%
524,Evotion,EVO,"$91,063 ",$0.03 ,"3,121,216",$541 ,-10.24%,-12.40%,-18.79%
525,Tickets,TIX,"$83,343 ",$0.00 ,"66,876,281,414","$1,902 ",0.00%,-12.78%,-27.21%
526,GuccioneCoin,GCC,"$74,995 ",$0.00 ,"20,285,537 *",$612 ,0.25%,-12.30%,9.73%
527,PayCon,CON,"$69,930 ",$0.00 ,"23,042,604 *",$512 ,0.25%,-16.71%,-17.07%
528,Cabbage,CAB,"$68,052 ",$0.01 ,"10,499,996 *","$1,032 ",0.38%,285.25%,121.10%
529,DROXNE,DRXNE,"$67,031 ",$0.00 ,"60,712,983 *","$1,830 ",-8.81%,-26.35%,-35.47%
530,Tristar Coin,TSTR,"$66,583 ",$0.01 ,"5,027,857","$8,602 ",0.25%,-22.20%,-23.50%
531,Useless Ether...,UET,"$65,251 ",$0.02 ,"3,965,716 *","$1,377 ",21.16%,14.25%,76.32%
532,DIBCOIN,DIBC,"$62,352 ",$0.01 ,"5,000,000 *",$923 ,-0.70%,-21.36%,-4.93%
533,PRCoin,PRC,"$61,756 ",$0.00 ,"13,990,000",$705 ,0.25%,-9.94%,-10.69%
534,Pascal Lite,PASL,"$61,257 ",$0.02 ,"3,639,850",$637 ,0.18%,-29.27%,-34.00%
535,CampusCoin,CMPCO,"$55,444 ",$0.00 ,"144,067,527","$2,040 ",0.20%,14.39%,-19.94%
536,Litecoin Plus,LCP,"$53,004 ",$0.11 ,"503,978 *","$2,400 ",-16.05%,1.37%,-21.69%
537,300 Token,300,"$51,316 ",$171.05 ,300 *,$702 ,0.25%,-33.46%,6.54%
538,Master Swiscoin,MSCN,"$51,129 ",$0.00 ,"43,703,810 *",$892 ,-0.72%,8.58%,3.76%
539,TileCoin,XTC,"$50,193 ",$0.00 ,"100,000,000 *",$518 ,0.00%,-11.71%,-37.51%
540,Neuro,NRO,"$49,432 ",$0.00 ,"28,898,486",$703 ,0.25%,23.62%,-19.20%
541,SOILcoin,SOIL,"$46,565 ",$0.01 ,"5,702,048",$649 ,0.18%,32.88%,15.40%
542,Money,$$$,"$45,587 ",$0.00 ,"45,887,218","$2,510 ",0.39%,-16.22%,27.31%
543,BitQuark,BTQ,"$45,407 ",$0.01 ,"7,155,671",$568 ,3.79%,49.27%,125.13%
544,MindCoin,MND,"$45,000 ",$0.00 ,"12,546,625",$817 ,8.52%,-5.10%,17.55%
545,NevaCoin,NEVA,"$43,425 ",$0.02 ,"2,306,455","$2,604 ",0.22%,-4.71%,0.53%
546,Eryllium,ERY,"$43,308 ",$0.01 ,"4,879,766","$1,580 ",-4.59%,-22.23%,-8.93%
547,TajCoin,TAJ,"$35,809 ",$0.00 ,"7,461,933","$3,846 ",-8.59%,-7.30%,0.60%
548,Kronecoin,KRONE,"$29,567 ",$0.01 ,"2,495,506",$811 ,0.10%,-27.38%,-38.72%
549,Qibuck Asset,QBK,"$27,667 ",$0.02 ,"1,671,379 *",$849 ,3.02%,21.94%,-32.19%
550,Coimatic 2.0,CTIC2,"$26,108 ",$0.00 ,"9,227,500",$932 ,0.47%,-21.87%,5.62%
551,LiteCoin Ultra,LTCU,"$23,666 ",$0.03 ,"797,602","$2,593 ",2.71%,-12.59%,-21.26%
552,Veros,VRS,"$22,906 ",$0.00 ,"486,609,040 *","$4,254 ",-0.61%,106.83%,4.84%
553,CHNCoin,CNC,"$22,531 ",$0.00 ,"42,356,271","$1,552 ",0.01%,-10.26%,-32.61%
554,BowsCoin,BSC,"$19,906 ",$0.00 ,"5,550,102","$1,712 ",-23.26%,-11.57%,17.48%
555,Dix Asset,DIX,"$12,069 ",1.20E-07,"100,000,000,000 *",$944 ,0.26%,59.63%,-18.76%
556,Argus,ARGUS,"$9,524 ",$0.01 ,"1,148,324",$507 ,0.20%,10.49%,15.95%
557,LevoPlus,LVPS,"$4,804 ",$0.00 ,"975,563",$831 ,0.18%,-19.32%,-22.72%
558,HarmonyCoin,HMC,"$2,819 ",$0.01 ,"407,397","$19,527 ",1.67%,3.23%,44.69%
559,Ebittree Coin,EBT,"$2,333 ",$0.00 ,"1,226,791","$1,568 ",49.60%,7.69%,-21.27%
560,Digital Money...,DMB,"$1,051 ",$0.00 ,"421,300","$3,385 ",-1.77%,-15.26%,-17.72%
561,AppleCoin,APW,$70 ,$0.00 ,"48,745","$3,803 ",-3.47%,-56.31%,-94.52%
562,SuperNET,UNITY,"$24,140,139 ",$29.58 ,"816,061 *",$50 ,0.25%,-4.05%,-6.88%
563,NuShares,NSR,"$17,946,578 ",$0.01 ,"2,777,600,756 *",$56 ,4.43%,163.05%,261.70%
564,Ecobit,ECOB,"$8,237,244 ",$0.02 ,"444,444,444 *",$42 ,0.18%,-1.96%,6.84%
565,TheGCCcoin,GCC,"$5,868,269 ",$0.01 ,"492,362,308 *",$436 ,0.25%,-4.01%,-5.05%
566,Round,ROUND,"$5,673,512 ",$0.01 ,"850,000,000 *",$0 ,?,?,?
567,Bitland,CADASTRAL,"$5,541,420 ",$0.18 ,"30,000,000 *",$473 ,2.93%,11.45%,0.18%
568,Prospectors Gold,PGL,"$4,472,675 ",$0.07 ,"64,500,000 *",$259 ,0.26%,-54.35%,-60.50%
569,OracleChain,OCT,"$3,406,140 ",$0.11 ,"30,000,000 *",$23 ,3.63%,-22.75%,-12.90%
570,Bitz,BITZ,"$2,644,202 ",$1.33 ,"1,990,891",$44 ,0.25%,16.26%,190.45%
571,Ixcoin,IXC,"$2,514,998 ",$0.12 ,"20,999,088 *",$111 ,1.16%,109.34%,156.13%
572,YashCoin,YASH,"$2,179,060 ",$0.22 ,"10,000,228 *",$121 ,0.18%,5.19%,24.53%
573,AsiaCoin,AC,"$2,062,994 ",$0.00 ,"1,062,867,389",$246 ,-4.44%,-17.36%,-25.73%
574,Atmos,ATMS,"$1,992,460 ",$0.02 ,"100,247,518 *",$168 ,0.48%,-13.11%,-21.41%
575,REX,REX,"$1,938,641 ",$0.22 ,"8,660,756 *",$172 ,0.14%,-24.04%,2.42%
576,Arcade Token,ARC,"$1,744,613 ",$0.93 ,"1,874,245 *",$?,?,0.41%,-74.96%
577,Ethbits,ETBS,"$1,705,758 ",$1.23 ,"1,391,604 *",$153 ,0.44%,-8.66%,-24.70%
578,Bitpark Coin,BPC,"$1,613,978 ",$0.02 ,"75,000,000 *",$56 ,27.67%,-10.86%,-40.30%
579,Quark,QRK,"$1,545,704 ",$0.01 ,"251,735,593",$70 ,0.33%,-16.19%,-10.84%
580,InPay,INPAY,"$1,485,410 ",$0.15 ,"10,000,000 *",$1 ,0.31%,-2.46%,-15.21%
581,AudioCoin,ADC,"$1,474,188 ",$0.00 ,"823,324,665",$237 ,-0.51%,-8.89%,11.82%
582,Altcoin,ALT,"$1,369,292 ",$11.21 ,"122,175 *",$43 ,8.20%,10.30%,12.14%
583,Link Platform,LNK,"$1,282,198 ",$26.99 ,"47,503 *",$314 ,0.25%,-13.70%,-36.40%
584,Woodcoin,LOG,"$1,075,181 ",$0.13 ,"8,035,193",$61 ,0.18%,-3.40%,20.58%
585,Helleniccoin,HNC,"$1,014,272 ",$0.02 ,"55,200,000",$450 ,0.25%,1.80%,12.95%
586,FinCoin,FNC,"$944,181 ",$0.07 ,"12,878,667 *",$123 ,0.09%,11.81%,40.07%
587,SwapToken,TOKEN,"$845,372 ",$0.00 ,"15,320,585,365 *",$1 ,0.18%,20.26%,20.65%
588,ShadowCash,SDC,"$798,703 ",$0.12 ,"6,695,133 *",$2 ,0.18%,-21.68%,-3.09%
589,Ultimate Secu...,USC,"$787,594 ",$0.08 ,"10,343,113",$20 ,0.18%,28.01%,26.54%
590,Dinastycoin,DCY,"$783,285 ",$0.00 ,"1,418,381,263",$203 ,0.24%,7.36%,-6.32%
591,Sovereign Hero,HERO,"$770,439 ",$161.42 ,"4,773 *",$0 ,?,2.10%,0.25%
592,CryptCoin,CRYPT,"$745,823 ",$0.12 ,"6,057,842",$0 ,?,-3.74%,?
593,KekCoin,KEK,"$736,566 ",$0.07 ,"10,244,610 *",$221 ,0.25%,-10.41%,15.43%
594,MetalCoin,METAL,"$715,312 ",$0.01 ,"76,925,527 *",$0 ,?,-3.11%,18.12%
595,SmartCoin,SMC,"$689,184 ",$0.03 ,"23,389,510",$139 ,0.18%,-4.16%,17.63%
596,FIMKrypto,FIMK,"$668,604 ",$0.00 ,"577,004,618 *",$336 ,-2.08%,-2.04%,15.45%
597,EarthCoin,EAC,"$641,160 ",$0.00 ,"11,443,978,628",$204 ,-48.83%,-50.96%,-38.76%
598,NobleCoin,NOBL,"$635,456 ",$0.00 ,"2,307,843,792",$18 ,0.09%,15.40%,4.40%
599,TeslaCoin,TES,"$622,499 ",$0.01 ,"73,158,278",$259 ,-0.66%,-17.41%,-18.56%
600,Jetcoin,JET,"$614,533 ",$0.14 ,"4,371,787 *",$445 ,1.82%,15.82%,-7.29%
601,E4ROW,E4ROW,"$613,969 ",$0.15 ,"4,188,000 *",$6 ,0.14%,-4.16%,?
602,HitCoin,HTC,"$606,764 ",$0.00 ,"10,996,318,099",$23 ,0.25%,-51.69%,-5.50%
603,Canada eCoin,CDN,"$580,903 ",$0.01 ,"97,415,544",$89 ,0.06%,-3.27%,0.93%
604,Pandacoin,PND,"$566,280 ",$0.00 ,"32,514,916,898",$171 ,23.38%,-57.50%,10.94%
605,IncaKoin,NKA,"$565,923 ",$0.00 ,"10,253,819,030",$135 ,0.18%,-50.95%,-39.55%
606,Casino,CASINO,"$529,702 ",$0.53 ,"1,000,000 *",$3 ,3.07%,-4.64%,116.98%
607,Rustbits,RUSTBITS,"$520,684 ",$0.01 ,"35,300,866 *",$44 ,-0.03%,-7.07%,-28.58%
608,NetCoin,NET,"$519,434 ",$0.00 ,"787,126,712",$191 ,1.31%,-0.92%,14.22%
609,Footy Cash,XFT,"$500,037 ",$0.11 ,"4,528,791",$362 ,0.17%,-30.24%,-54.91%
610,Monster Byte,MBI,"$492,894 ",$0.03 ,"16,822,736 *",$105 ,0.16%,-44.10%,-41.76%
611,Goodomy,GOOD,"$477,910 ",$0.00 ,"441,349,000 *",$38 ,0.22%,55.79%,45.24%
612,SuperCoin,SUPER,"$472,460 ",$0.01 ,"44,429,639",$299 ,0.18%,-11.33%,27.80%
613,Kobocoin,KOBO,"$465,506 ",$0.02 ,"24,700,248 *",$105 ,0.35%,-29.61%,25.62%
614,Shadow Token,SHDW,"$449,862 ",$0.06 ,"7,000,000 *",$35 ,0.25%,33.82%,53.03%
615,RussiaCoin,RC,"$447,026 ",$0.05 ,"8,216,446",$2 ,0.25%,-3.28%,-7.26%
616,BTSR,BTSR,"$422,431 ",$0.13 ,"3,285,250 *",$61 ,2.33%,-0.65%,0.64%
617,AmberCoin,AMBER,"$407,507 ",$0.01 ,"43,699,481",$6 ,0.25%,-4.54%,12.91%
618,PIECoin,PIE,"$405,022 ",$0.01 ,"27,227,806 *",$470 ,-4.13%,-10.64%,-13.46%
619,Orbitcoin,ORB,"$400,256 ",$0.13 ,"3,054,176",$144 ,-3.73%,4.04%,33.72%
620,TagCoin,TAG,"$394,347 ",$0.07 ,"5,776,961",$293 ,0.18%,-7.63%,3.57%
621,CoExistCoin,COXST,"$373,156 ",$0.01 ,"27,100,000 *",$0 ,-7.05%,415.17%,96.30%
622,MazaCoin,MZC,"$369,901 ",$0.00 ,"1,324,053,759",$275 ,-23.07%,-2.26%,-3.54%
623,Trollcoin,TROLL,"$369,109 ",$0.00 ,"562,677,487",$124 ,-0.14%,-9.95%,9.10%
624,BitBar,BTB,"$361,165 ",$10.42 ,"34,661",$150 ,-0.18%,-8.80%,26.05%
625,GlobalCoin,GLC,"$356,010 ",$0.01 ,"65,171,010",$4 ,0.25%,-4.37%,-5.21%
626,Cryptonite,XCN,"$355,886 ",$0.00 ,"322,483,044",$41 ,5.53%,-20.03%,-25.66%
627,Zero,ZER,"$350,852 ",$0.20 ,"1,714,490",$202 ,0.25%,-8.80%,-17.60%
628,Piggycoin,PIGGY,"$342,093 ",$0.00 ,"485,267,680",$180 ,-6.45%,2.98%,26.95%
629,Devcoin,DVC,"$331,136 ",$0.00 ,"14,872,107,500",$24 ,-0.11%,0.69%,-23.35%
630,SwagBucks,BUCKS,"$324,594 ",$1.12 ,"289,245",$72 ,-1.64%,-13.45%,-24.88%
631,Machinecoin,MAC,"$315,114 ",$0.02 ,"20,028,575",$297 ,0.50%,-18.57%,-8.52%
632,BlockPay,BLOCKPAY,"$306,236 ",$0.06 ,"5,428,300 *",$81 ,3.52%,2.73%,-11.53%
633,Atomic Coin,ATOM,"$304,507 ",$0.02 ,"12,326,805",$165 ,0.82%,11.51%,-1.02%
634,Dashcoin,DSH,"$299,956 ",$0.02 ,"17,574,970",$191 ,2.20%,61.01%,-25.85%
635,Bitstar,BITS,"$295,561 ",$0.01 ,"23,079,737",$184 ,0.25%,-3.76%,16.80%
636,Version,V,"$289,164 ",$0.00 ,"460,805,793",$16 ,0.25%,-8.23%,-5.71%
637,CryptoForecast,CFT,"$279,204 ",$0.01 ,"46,000,000 *",$81 ,0.83%,85.92%,24.52%
638,8Bit,8BIT,"$277,001 ",$0.24 ,"1,164,415 *",$162 ,0.15%,3.61%,8.83%
639,I0Coin,I0C,"$273,963 ",$0.01 ,"20,982,911",$0 ,?,-24.05%,-6.99%
640,BTCtalkcoin,TALK,"$266,843 ",$0.00 ,"65,290,635",$11 ,0.23%,?,-23.70%
641,Etheriya,RIYA,"$265,194 ",$0.17 ,"1,581,531 *",$175 ,0.25%,-41.16%,-63.07%
642,AurumCoin,AU,"$263,969 ",$0.89 ,"296,216",$15 ,0.20%,-3.14%,-27.06%
643,Opal,OPAL,"$257,699 ",$0.02 ,"15,142,280 *",$345 ,0.25%,-8.26%,46.47%
644,iDice,ICE,"$257,597 ",$0.16 ,"1,571,013 *",$38 ,0.15%,-8.72%,-59.27%
645,Phoenixcoin,PXC,"$254,151 ",$0.00 ,"61,175,310",$85 ,0.19%,-12.10%,-21.18%
646,Stress,STS,"$249,467 ",$0.00 ,"565,134,332",$6 ,0.25%,?,?
647,Titcoin,TIT,"$247,639 ",$0.00 ,"49,898,202",$67 ,2.35%,-9.61%,-7.01%
648,Newbium,NEWB,"$245,546 ",$0.00 ,"50,000,000 *",$307 ,0.17%,1.60%,-37.66%
649,PureVidz,VIDZ,"$244,490 ",$0.00 ,"125,279,775 *",$94 ,19.11%,9.12%,39.45%
650,Slimcoin,SLM,"$244,096 ",$0.02 ,"14,937,439",$0 ,?,43.07%,28.80%
651,FuelCoin,FC2,"$235,414 ",$0.00 ,"101,580,666",$2 ,0.18%,-9.68%,-44.11%
652,Krypstal,KRS,"$234,491 ",$0.01 ,"25,008,253 *",$?,?,?,?
653,PlatinumBAR,XPTX,"$233,947 ",$0.71 ,"328,543",$230 ,0.18%,-10.75%,1.56%
654,HOdlcoin,HODL,"$229,375 ",$0.00 ,"138,565,085",$438 ,0.17%,-3.40%,1.81%
655,GAIA,GAIA,"$228,822 ",$0.01 ,"24,101,381 *",$0 ,?,-0.27%,-28.64%
656,Mineum,MNM,"$226,835 ",$0.02 ,"9,436,367",$60 ,0.17%,-0.82%,34.89%
657,Bit20,BTWTY,"$223,258 ","$219,742 ",1.016 *,$206 ,-2.14%,26.80%,79.87%
658,iCoin,ICN,"$222,879 ",$0.01 ,"29,059,106",$189 ,0.25%,24.33%,32.04%
659,Truckcoin,TRK,"$219,861 ",$0.00 ,"147,378,596 *",$15 ,0.10%,18.13%,25.02%
660,TEKcoin,TEK,"$216,751 ",$0.00 ,"1,414,054,562",$242 ,6.88%,42.67%,8.38%
661,KiloCoin,KLC,"$216,631 ",$0.00 ,"196,297,971",$2 ,0.25%,14.82%,50.80%
662,The Cypherfunks,FUNK,"$211,426 ",$0.00 ,"46,001,570,000",$192 ,0.02%,16.96%,8.59%
663,Universe,UNI,"$207,265 ",$0.02 ,"8,479,104 *",$73 ,0.25%,6.71%,37.43%
664,Universal Cur...,UNIT,"$207,237 ",$0.02 ,"13,046,431",$117 ,0.26%,159.95%,84.45%
665,Coin(O),CNO,"$195,676 ",$0.00 ,"105,148,663",$0 ,?,?,11.00%
666,Flycoin,FLY,"$194,691 ",$0.92 ,"210,806 *",$0 ,?,?,-12.78%
667,USDe,USDE,"$187,756 ",$0.00 ,"1,134,232,760",$10 ,0.18%,-19.37%,-9.52%
668,Darsek,KED,"$187,295 ",$0.01 ,"13,185,512",$0 ,?,-3.88%,3.87%
669,Sterlingcoin,SLG,"$186,364 ",$0.04 ,"4,190,093",$461 ,0.08%,6.26%,14.11%
670,CageCoin,CAGE,"$186,011 ",$0.00 ,"101,168,328,395",$23 ,-0.04%,-1.68%,-90.84%
671,Valorbit,VAL,"$180,646 ",$0.00 ,"3,946,337,520",$0 ,?,?,0.09%
672,FlutterCoin,FLT,"$179,596 ",$0.00 ,"322,214,524",$263 ,0.22%,8.25%,-18.17%
673,Prototanium,PR,"$178,707 ",$0.91 ,"195,539",$56 ,-3.31%,-6.66%,-23.77%
674,Bitcoin Scrypt,BTCS,"$175,674 ",$0.01 ,"16,381,875",$111 ,0.54%,-5.96%,-15.73%
675,Bottlecaps,CAP,"$175,469 ",$0.00 ,"187,033,537",$81 ,7.37%,9.35%,12.90%
676,LottoCoin,LOT,"$172,504 ",$0.00 ,"14,491,014,421",$38 ,-0.12%,23.48%,4.22%
677,WayGuide,WAY,"$172,031 ",$0.00 ,"100,040,708 *",$0 ,?,?,14.58%
678,Bitcoin Planet,BTPL,"$168,053 ",$0.03 ,"5,206,415",$259 ,0.25%,-17.73%,139.53%
679,PayCoin,XPY,"$165,603 ",$0.01 ,"11,808,625",$19 ,0.17%,145.50%,-19.00%
680,Sativacoin,STV,"$162,674 ",$0.02 ,"7,084,917",$29 ,8.27%,117.03%,169.53%
681,Jin Coin,JIN,"$160,401 ",$0.02 ,"9,848,485",$33 ,0.23%,37.63%,19.90%
682,BunnyCoin,BUN,"$159,590 ",$0.00 ,"102,118,796,952",$106 ,-1.42%,1.70%,-16.43%
683,SproutsExtreme,SPEX,"$158,176 ",$0.00 ,"2,866,607,586 *",$1 ,0.18%,-3.40%,20.65%
684,BiblePay,BBP,"$155,263 ",$0.00 ,"200,986,622",$367 ,-6.44%,-15.48%,44.27%
685,KushCoin,KUSH,"$153,243 ",$0.03 ,"5,445,516",$114 ,0.18%,13.58%,26.34%
686,bitSilver,BITSILVER,"$149,303 ",$16.93 ,"8,820 *",$93 ,3.63%,0.10%,10.05%
687,Cypher,CYP,"$149,285 ",$0.02 ,"6,365,285 *",$0 ,?,?,?
688,PetroDollar,XPD,"$146,982 ",$0.00 ,"63,993,275",$31 ,0.24%,61.28%,25.82%
689,LiteBar,LTB,"$144,422 ",$0.19 ,"758,963",$140 ,7.86%,-30.22%,44.21%
690,Ratecoin,XRA,"$143,224 ",$0.00 ,"112,331,400 *",$478 ,0.18%,-24.16%,-12.67%
691,PX,PX,"$141,542 ",$0.00 ,"91,612,033",$20 ,-3.21%,387.32%,?
692,Freicoin,FRC,"$138,046 ",$0.00 ,"29,090,698",$22 ,0.18%,-6.66%,10.59%
693,QubitCoin,Q2C,"$136,884 ",$0.00 ,"248,073,255",$51 ,0.18%,-3.40%,-12.99%
694,Honey,HONEY,"$136,593 ",$0.51 ,"268,988",$275 ,-3.56%,-27.72%,-21.78%
695,CorgiCoin,CORG,"$134,315 ",$0.00 ,"1,251,855,418 *",$175 ,70.20%,87.79%,35.45%
696,DigiCube,CUBE,"$134,036 ",$0.00 ,"2,429,126,009 *",$22 ,0.25%,-3.40%,20.65%
697,UniCoin,UNIC,"$132,739 ",$0.04 ,"2,954,555",$93 ,0.24%,-5.47%,-31.18%
698,BigUp,BIGUP,"$132,689 ",$0.00 ,"2,096,662,519",$131 ,0.24%,?,76.98%
699,Nyancoin,NYAN,"$132,169 ",$0.00 ,"315,504,291",$60 ,0.15%,-16.66%,22.13%
700,Putin Classic,PUTIC,"$131,823 ",$0.00 ,"34,268,919",$?,?,?,?
701,SACoin,SAC,"$130,303 ",$0.06 ,"2,361,470",$349 ,0.25%,-3.41%,-6.05%
702,Cannacoin,CCN,"$129,393 ",$0.03 ,"4,699,347",$5 ,0.25%,-2.71%,-45.59%
703,Guncoin,GUN,"$127,490 ",$0.00 ,"193,457,278",$40 ,0.88%,-1.42%,9.11%
704,Tigercoin,TGC,"$127,322 ",$0.00 ,"43,536,800",$10 ,0.25%,-1.54%,25.37%
705,RevolverCoin,XRE,"$127,274 ",$0.01 ,"22,178,548",$11 ,0.17%,-3.75%,18.04%
706,GoldReserve,XGR,"$122,916 ",$0.01 ,"17,171,382",$26 ,0.12%,-4.32%,14.55%
707,Acoin,ACOIN,"$121,753 ",$0.10 ,"1,220,085",$20 ,0.18%,-17.54%,15.44%
708,FUNCoin,FUNC,"$120,190 ",$0.02 ,"5,848,581 *",$197 ,2.24%,11.71%,-48.91%
709,Evil Coin,EVIL,"$119,532 ",$0.01 ,"21,020,383",$38 ,-8.54%,11.59%,45.22%
710,ChessCoin,CHESS,"$118,226 ",$0.00 ,"54,032,769 *",$62 ,0.18%,-15.66%,-1.38%
711,bitGold,BITGOLD,"$117,900 ","$1,310.45 ",89.9694 *,$28 ,0.63%,-1.41%,5.27%
712,Blakecoin,BLC,"$117,770 ",$0.01 ,"15,122,697",$427 ,0.23%,-6.67%,-17.76%
713,Grantcoin,GRT,"$117,586 ",$0.00 ,"42,619,951 *",$33 ,0.18%,0.80%,-6.40%
714,GoldPieces,GP,"$115,489 ",$0.09 ,"1,220,161 *",$83 ,0.19%,-15.03%,20.84%
715,Ripto Bux,RBX,"$113,434 ",$0.00 ,"381,236,123 *",$163 ,-0.09%,-31.48%,-41.89%
716,Emerald Crypto,EMD,"$112,853 ",$0.01 ,"19,117,129",$194 ,2.04%,-10.54%,-12.78%
717,GameUnits,UNITS,"$111,548 ",$0.03 ,"3,472,983 *",$22 ,0.18%,42.97%,-26.31%
718,Zurcoin,ZUR,"$111,449 ",$0.00 ,"84,882,987",$168 ,4.26%,-1.59%,-9.45%
719,Flaxscript,FLAX,"$110,806 ",$0.02 ,"5,578,107",$2 ,0.18%,2.69%,-21.18%
720,SpaceCoin,SPACE,"$109,186 ",$0.01 ,"19,984,313",$64 ,0.25%,27.12%,49.38%
721,Joulecoin,XJO,"$107,971 ",$0.00 ,"34,024,340",$199 ,-2.36%,-6.01%,-4.17%
722,OctoCoin,888,"$107,315 ",$0.00 ,"49,988,660",$20 ,0.16%,-11.43%,19.46%
723,SatoshiMadness,MAD,"$107,087 ",$0.00 ,"2,000,683,485 *",$0 ,?,?,17.04%
724,EcoCoin,ECO,"$103,482 ",$0.10 ,"1,040,506",$402 ,0.25%,-6.64%,-0.76%
725,Smoke,SMOKE,"$103,192 ",$0.01 ,"13,379,987 *",$160 ,3.63%,-19.02%,-36.63%
726,Dollarcoin,DLC,"$103,012 ",$0.01 ,"9,106,714",$306 ,0.18%,-9.99%,-19.81%
727,020LondonCoin,20,"$100,519 ",6.40E-07,"156,615,060,248",$0 ,?,-0.79%,19.66%
728,Elementrem,ELE,"$100,372 ",$0.00 ,"25,620,244",$11 ,0.25%,-6.05%,-17.90%
729,ParallelCoin,DUO,"$99,193 ",$0.33 ,"299,662",$1 ,0.18%,-6.44%,50.72%
730,Yacoin,YAC,"$98,577 ",$0.00 ,"119,099,512",$9 ,0.18%,-3.40%,-14.97%
731,Franko,FRK,"$96,760 ",$0.10 ,"930,767",$16 ,0.18%,-3.38%,?
732,BitAsean,BAS,"$95,523 ",$0.02 ,"5,000,000 *",$344 ,-0.68%,-17.51%,-77.55%
733,WMCoin,WMC,"$95,411 ",$0.01 ,"11,527,489 *",$1 ,0.17%,?,?
734,KibiCoin,KIC,"$94,766 ",$0.01 ,"14,701,000",$397 ,-5.65%,-20.96%,2.19%
735,LTBcoin,LTBC,"$94,018 ",$0.00 ,"493,863,915 *",$0 ,?,?,-2.10%
736,CacheCoin,CACH,"$93,382 ",$0.02 ,"4,195,132",$403 ,0.19%,-10.31%,21.68%
737,TittieCoin,TTC,"$92,356 ",$0.00 ,"1,259,816,434",$13 ,0.18%,-30.67%,-29.89%
738,Coin2.1,C2,"$91,552 ",$0.00 ,"99,976,323 *",$35 ,0.25%,-18.76%,-13.50%
739,Joincoin,J,"$89,694 ",$0.04 ,"2,448,402",$72 ,0.18%,-24.46%,-33.99%
740,Dreamcoin,DRM,"$89,344 ",$0.04 ,"2,449,568 *",$29 ,0.18%,?,?
741,Chronos,CRX,"$88,640 ",$0.00 ,"73,729,962",$57 ,16.65%,51.64%,42.48%
742,AquariusCoin,ARCO,"$87,006 ",$0.06 ,"1,417,557 *",$30 ,0.10%,-2.82%,7.25%
743,Bitcoin 21,XBTC21,"$86,082 ",$0.11 ,"793,108 *",$19 ,0.25%,-4.32%,48.39%
744,Spots,SPT,"$83,273 ",$0.00 ,"22,406,021",$8 ,9.44%,5.37%,31.74%
745,Prime-XI,PXI,"$82,482 ",$0.00 ,"16,998,875",$101 ,-10.25%,-8.52%,-29.57%
746,bitEUR,BITEUR,"$82,025 ",$1.23 ,"66,663 *",$490 ,2.26%,1.45%,3.22%
747,AntiBitcoin,ANTI,"$81,915 ",$0.00 ,"17,465,159",$4 ,0.18%,-3.68%,14.14%
748,Tattoocoin (S...,TSE,"$79,831 ",$0.00 ,"90,421,856 *",$300 ,3.87%,-12.07%,-31.57%
749,Sling,SLING,"$79,526 ",$0.07 ,"1,074,095 *",$0 ,?,-3.99%,18.72%
750,Gapcoin,GAP,"$77,683 ",$0.01 ,"11,732,447",$28 ,0.17%,-16.00%,22.69%
751,NeuroDAO,NDAO,"$77,062 ",$0.44 ,"173,532 *",$94 ,0.18%,-22.26%,-17.64%
752,MustangCoin,MST,"$77,032 ",$0.12 ,"630,343",$8 ,0.25%,12.12%,-6.00%
753,GPU Coin,GPU,"$75,903 ",$0.00 ,"40,477,042",$159 ,0.17%,-12.05%,-7.32%
754,Firecoin,FIRE,"$74,997 ",$0.76 ,"98,412 *",$17 ,0.18%,-3.40%,-9.00%
755,HempCoin,HMP,"$74,858 ",$0.00 ,"1,356,645,470",$2 ,0.18%,-3.40%,-37.95%
756,Catcoin,CAT,"$73,082 ",$0.01 ,"6,047,800",$161 ,0.18%,-3.41%,-1.33%
757,RedCoin,RED,"$73,025 ",$0.00 ,"74,107,896",$262 ,0.17%,-9.21%,30.91%
758,Vector,VEC2,"$72,421 ",$0.00 ,"16,406,003",$0 ,0.17%,-3.42%,27.00%
759,Aricoin,ARI,"$72,199 ",$0.00 ,"140,262,505",$34 ,-7.63%,-0.68%,-9.74%
760,SecureCoin,SRC,"$71,315 ",$0.01 ,"8,128,581",$1 ,0.18%,-5.49%,38.90%
761,PonziCoin,PONZI,"$71,034 ",$0.08 ,"861,099",$13 ,0.17%,-3.41%,28.31%
762,Argentum,ARG,"$70,612 ",$0.01 ,"8,277,388",$56 ,-5.71%,-24.55%,-4.26%
763,GlobalToken,GLT,"$69,238 ",$0.00 ,"25,007,400",$435 ,-1.59%,-19.19%,-10.01%
764,Marscoin,MARS,"$68,162 ",$0.00 ,"28,279,074",$3 ,0.14%,-10.58%,-0.93%
765,QuazarCoin,QCN,"$66,710 ",$0.01 ,"6,044,911",$178 ,-33.17%,-40.45%,-36.37%
766,Unrealcoin,URC,"$66,117 ",$0.01 ,"7,024,402",$0 ,0.00%,-3.54%,10.64%
767,Global Tour Coin,GTC,"$65,634 ",$0.00 ,"29,737,096",$99 ,0.25%,-3.40%,-10.78%
768,BumbaCoin,BUMBA,"$65,278 ",$0.00 ,"22,321,462",$3 ,2.68%,-17.38%,-2.65%
769,Halcyon,HAL,"$64,666 ",$0.01 ,"5,117,678",$15 ,0.18%,-6.37%,28.93%
770,Debitcoin,DBTC,"$63,774 ",$0.00 ,"17,999,390",$222 ,0.25%,18.61%,5.97%
771,Bitcurrency,BTCR,"$63,335 ",$0.00 ,"169,598,616 *",$0 ,0.27%,-45.38%,-27.75%
772,SecretCoin,SCRT,"$63,002 ",$0.01 ,"4,228,672 *",$0 ,?,?,15.70%
773,IslaCoin,ISL,"$62,503 ",$0.04 ,"1,513,704 *",$0 ,?,?,?
774,AgrolifeCoin,AGLC,"$62,497 ",$0.01 ,"6,741,879 *",$148 ,0.18%,29.82%,2.89%
775,ARbit,ARB,"$62,112 ",$0.01 ,"7,460,010",$96 ,30.32%,-13.24%,51.70%
776,MTMGaming,MTM,"$59,789 ",$0.02 ,"2,999,967 *",$1 ,3.02%,-19.25%,-55.72%
777,Kittehcoin,MEOW,"$59,752 ",$0.00 ,"23,905,669,976",$158 ,7.52%,22.99%,37.98%
778,Asiadigicoin,ADCN,"$59,154 ",$0.00 ,"24,931,054",$89 ,-10.81%,-0.11%,-7.28%
779,Rimbit,RBT,"$58,886 ",$0.00 ,"115,499,623 *",$247 ,-7.00%,-2.80%,-8.07%
780,BipCoin,BIP,"$58,565 ",$0.04 ,"1,627,261",$140 ,0.23%,22.94%,-19.31%
781,Quatloo,QTL,"$58,535 ",$0.01 ,"7,690,816",$13 ,0.18%,-8.33%,11.66%
782,ICOBID,ICOB,"$58,443 ",$0.00 ,"106,082,162 *",$286 ,-0.21%,-19.60%,2.86%
783,AllSafe,ASAFE2,"$57,653 ",$0.01 ,"8,030,000 *",$92 ,-3.30%,-1.05%,49.36%
784,VirtualCoin,VC,"$57,573 ",$0.01 ,"10,064,287",$0 ,?,?,-58.17%
785,Coinonat,CXT,"$56,726 ",$0.01 ,"8,623,200",$186 ,12.87%,14.82%,21.50%
786,Digital Rupees,DRS,"$56,371 ",$0.00 ,"510,802,961 *",$132 ,0.18%,-3.40%,108.03%
787,Independent M...,IMS,"$56,288 ",$0.01 ,"5,368,934",$53 ,0.18%,-3.37%,-17.20%
788,SixEleven,611,"$53,778 ",$0.13 ,"425,969",$12 ,0.25%,-6.05%,-15.92%
789,Revenu,REV,"$52,774 ",$0.04 ,"1,195,525",$42 ,0.34%,?,262.84%
790,Allion,ALL,"$51,564 ",$0.01 ,"6,199,359",$0 ,0.19%,0.86%,-0.88%
791,Eurocoin,EUC,"$51,127 ",$0.00 ,"12,138,228",$129 ,-26.31%,-22.96%,-34.09%
792,Philosopher S...,PHS,"$51,113 ",$0.02 ,"2,429,219 *",$0 ,?,?,-2.78%
793,BitCoal,COAL,"$50,745 ",$0.01 ,"4,500,000",$0 ,27.80%,50.89%,37.86%
794,Uro,URO,"$49,963 ",$0.04 ,"1,207,310",$143 ,0.25%,?,18.60%
795,CompuCoin,CPN,"$49,195 ",$0.00 ,"19,615,019",$1 ,0.24%,-13.89%,55.66%
796,Marijuanacoin,MAR,"$49,156 ",$0.04 ,"1,326,467",$196 ,0.39%,-18.87%,12.33%
797,HealthyWormCoin,WORM,"$48,366 ",$0.00 ,"109,565,540",$194 ,0.18%,-40.55%,-39.60%
798,FlavorCoin,FLVR,"$47,948 ",$0.00 ,"20,898,106 *",$0 ,?,?,?
799,Cannation,CNNC,"$47,486 ",$0.02 ,"2,476,893",$233 ,9.44%,-59.07%,-51.42%
800,WARP,WARP,"$47,352 ",$0.04 ,"1,095,224 *",$0 ,?,0.52%,?
801,Comet,CMT,"$46,108 ",$0.05 ,"872,830",$69 ,0.23%,7.10%,-32.68%
802,Braincoin,BRAIN,"$45,971 ",$0.00 ,"9,801,560 *",$36 ,0.25%,-8.77%,18.87%
803,GBCGoldCoin,GBC,"$45,379 ",$0.00 ,"11,361,817",$0 ,33.13%,0.70%,28.81%
804,Torcoin,TOR,"$45,330 ",$0.14 ,"316,179",$129 ,2.99%,-49.17%,-30.02%
805,Gold Pressed ...,GPL,"$44,976 ",$0.18 ,"243,310",$48 ,0.18%,-4.83%,13.85%
806,Pulse,PULSE,"$44,973 ",$0.00 ,"14,298,972",$5 ,0.18%,-7.61%,37.54%
807,BillaryCoin,BLRY,"$43,659 ",$0.00 ,"8,991,164",$36 ,0.18%,-20.06%,-15.07%
808,PLNcoin,PLNC,"$43,377 ",$0.00 ,"17,089,600",$1 ,0.18%,-11.13%,-47.75%
809,Kurrent,KURT,"$43,240 ",$0.00 ,"9,919,485",$3 ,0.17%,-23.13%,-31.11%
810,VapersCoin,VPRC,"$43,046 ",$0.00 ,"780,124,964",$1 ,0.48%,17.21%,23.18%
811,Ammo Rewards,AMMO,"$42,917 ",$0.00 ,"77,777,777 *",$12 ,0.25%,-25.69%,-8.70%
812,Vault Coin,VLTC,"$42,062 ",$0.00 ,"30,147,350",$316 ,0.14%,-8.71%,-65.07%
813,BeaverCoin,BVC,"$41,430 ",$0.01 ,"3,115,258",$10 ,0.18%,-17.18%,3.61%
814,ChanCoin,4CHN,"$41,097 ",$0.01 ,"6,677,071",$25 ,-9.20%,-36.43%,-24.49%
815,Hexx,HXX,"$40,742 ",$0.03 ,"1,455,454 *",$64 ,0.14%,-3.16%,-13.54%
816,Zayedcoin,ZYD,"$40,654 ",$0.01 ,"6,243,840",$13 ,0.18%,-1.74%,5.97%
817,G3N,G3N,"$40,614 ",$0.01 ,"7,561,891",$8 ,1.58%,-5.13%,?
818,CryptoEscudo,CESC,"$39,758 ",$0.00 ,"144,105,100",$49 ,0.25%,-16.87%,0.67%
819,SoonCoin,SOON,"$39,427 ",$0.00 ,"12,462,620 *",$3 ,-0.13%,-4.52%,17.24%
820,Metal Music Coin,MTLMC3,"$39,090 ",$0.00 ,"79,719,140",$270 ,0.18%,-3.84%,7.21%
821,PopularCoin,POP,"$39,088 ",$0.00 ,"3,372,875,244",$7 ,0.08%,4.32%,-8.14%
822,Tradecoin,TRADE,"$39,056 ",$0.01 ,"6,493,575",$397 ,-11.27%,4.39%,2.08%
823,Creatio,XCRE,"$38,070 ",$0.00 ,"20,520,514 *",$0 ,?,-0.02%,1.04%
824,Steps,STEPS,"$38,025 ",$0.00 ,"18,625,017 *",$3 ,0.18%,?,20.36%
825,Jewels,JWL,"$37,862 ",$0.00 ,"20,181,636 *",$30 ,0.18%,-3.40%,-8.27%
826,RonPaulCoin,RPC,"$37,557 ",$0.04 ,"882,570",$53 ,0.18%,-7.70%,-22.18%
827,GameBet Coin,GBT,"$37,544 ",$0.00 ,"21,262,780 *",$5 ,?,6.59%,?
828,Photon,PHO,"$37,099 ",$0.00 ,"19,738,086,767",$28 ,-0.02%,-2.86%,16.81%
829,BenjiRolls,BENJI,"$36,835 ",$0.00 ,"20,228,845",$4 ,0.25%,-6.41%,6.55%
830,Blackstar,BSTAR,"$36,586 ",$0.00 ,"630,795,971 *",$0 ,?,1.54%,-1.69%
831,Artex Coin,ATX,"$34,850 ",$0.00 ,"18,781,750",$32 ,0.18%,-7.19%,8.48%
832,MACRON,MCRN,"$33,395 ",$0.00 ,"401,421,401 *",$64 ,0.25%,-40.59%,-25.84%
833,ZetaMicron,ZMC,"$33,126 ",$0.00 ,"600,344,291 *",$17 ,0.17%,-3.41%,5.31%
834,DAPPSTER,DLISK,"$33,107 ",$0.00 ,"100,000,000 *",$1 ,0.25%,?,20.42%
835,Doubloon,BOAT,"$32,217 ",$0.00 ,"18,547,845",$227 ,0.18%,-1.73%,-33.46%
836,CrevaCoin,CREVA,"$31,730 ",$0.00 ,"36,390,750",$128 ,0.18%,-5.70%,-3.31%
837,BiosCrypto,BIOS,"$31,021 ",$0.00 ,"20,821,709 *",$230 ,0.18%,-15.87%,-26.89%
838,LeaCoin,LEA,"$30,933 ",$0.00 ,"300,640,290",$38 ,0.15%,11.31%,2.43%
839,Orlycoin,ORLY,"$30,332 ",$0.00 ,"36,646,779",$4 ,0.25%,-18.57%,-2.42%
840,Beatcoin,XBTS,"$29,616 ",$0.02 ,"1,524,686",$16 ,0.07%,60.39%,43.26%
841,JobsCoin,JOBS,"$29,250 ",$0.00 ,"106,019,270",$43 ,0.25%,-31.00%,-33.10%
842,Luna Coin,LUNA,"$27,975 ",$0.02 ,"1,559,034",$78 ,1.18%,-7.40%,1.27%
843,Ride My Car,RIDE,"$27,942 ",$0.00 ,"101,276,976 *",$14 ,0.18%,-12.49%,-0.04%
844,TAGRcoin,TAGR,"$27,767 ",$0.00 ,"38,669,634 *",$0 ,?,-3.28%,-2.17%
845,SongCoin,SONG,"$27,663 ",$0.00 ,"32,565,300",$236 ,-4.44%,6.22%,15.30%
846,Virtacoin,VTA,"$27,562 ",$0.00 ,"5,201,310,113",$1 ,0.20%,17.38%,25.58%
847,Iconic,ICON,"$27,448 ",$0.05 ,"592,894 *",$63 ,0.18%,-3.97%,-3.02%
848,Hacker Gold,HKG,"$26,693 ",$0.00 ,"16,110,893 *",$0 ,?,-3.32%,-17.29%
849,Printerium,PRX,"$26,532 ",$0.00 ,"11,821,728",$0 ,?,?,-8.13%
850,Cthulhu Offer...,OFF,"$26,383 ",$0.01 ,"2,622,213",$0 ,?,?,?
851,Destiny,DES,"$25,691 ",$0.02 ,"1,600,000",$3 ,?,-3.07%,?
852,Solarflarecoin,SFC,"$23,092 ",$0.00 ,"14,083,450",$293 ,0.12%,-27.19%,13.48%
853,AnarchistsPrime,ACP,"$22,795 ",$0.01 ,"4,394,874",$46 ,-0.42%,-7.34%,0.34%
854,BlazeCoin,BLZ,"$22,688 ",$0.00 ,"608,557,394",$20 ,-1.90%,-5.83%,5.55%
855,KingN Coin,KNC,"$22,170 ",$11.05 ,"2,007 *",$93 ,0.18%,27.63%,-3.98%
856,SocialCoin,SOCC,"$21,855 ",$0.02 ,"1,384,879",$13 ,0.25%,-3.74%,17.29%
857,CRTCoin,CRT,"$20,995 ",$0.26 ,"79,270",$209 ,0.25%,-3.40%,20.64%
858,EGO,EGO,"$20,493 ",$0.00 ,"60,000,001 *",$0 ,?,?,5.49%
859,JIO Token,JIO,"$20,005 ",$0.01 ,"1,908,128 *",$50 ,0.18%,7.96%,68.06%
860,WalletBuilder...,WBC,"$19,184 ",$1.03 ,"18,692 *",$215 ,0.18%,-7.88%,-44.75%
861,ImpulseCoin,IMPS,"$18,991 ",$0.00 ,"20,245,510",$12 ,-5.38%,?,13.37%
862,PosEx,PEX,"$18,545 ",$0.01 ,"2,453,240",$8 ,0.25%,-2.67%,16.38%
863,VIP Tokens,VIP,"$18,419 ",$0.00 ,"83,450,403 *",$74 ,0.18%,-35.60%,-41.13%
864,Antilitecoin,ALTC,"$18,319 ",$0.00 ,"31,512,613",$249 ,0.18%,5.44%,-43.79%
865,Impact,IMX,"$18,243 ",$0.00 ,"109,508,882",$77 ,0.25%,-27.10%,-27.15%
866,High Voltage,HVCO,"$18,138 ",$0.01 ,"1,494,171 *",$3 ,0.18%,?,?
867,Cashcoin,CASH,"$18,044 ",$0.00 ,"27,251,500",$82 ,0.25%,-10.81%,-3.84%
868,DPAY,DPAY,"$17,508 ",$0.00 ,"79,541,001",$0 ,?,-3.66%,-31.37%
869,1CRedit,1CR,"$17,112 ",$0.19 ,"88,213",$?,?,?,?
870,Wexcoin,WEX,"$17,107 ",$0.07 ,"253,913 *",$58 ,0.25%,-9.89%,-3.37%
871,Litecred,LTCR,"$16,940 ",$0.00 ,"30,227,750",$57 ,0.25%,-21.72%,-20.85%
872,FuzzBalls,FUZZ,"$16,790 ",$0.00 ,"4,829,945",$82 ,0.18%,22.25%,-20.06%
873,LetItRide,LIR,"$15,929 ",$0.00 ,"36,085,684 *",$2 ,0.17%,-3.41%,9.24%
874,Frazcoin,FRAZ,"$15,693 ",$0.00 ,"8,120,322",$50 ,0.25%,-9.83%,-31.82%
875,Slevin,SLEVIN,"$15,450 ",$0.00 ,"70,000,000 *",$157 ,0.18%,-3.41%,-6.10%
876,RSGPcoin,RSGP,"$15,314 ",$8.87 ,"1,726 *",$0 ,?,-2.92%,-22.14%
877,BioBar,BIOB,"$15,054 ",$0.02 ,"885,756 *",$88 ,0.25%,-5.25%,?
878,iBank,IBANK,"$14,733 ",$0.00 ,"4,526,324",$0 ,?,?,42.64%
879,Project-X,NANOX,"$14,691 ","$187,710 ",0.078264 *,$0 ,?,1.67%,4.97%
880,Zonecoin,ZNE,"$14,427 ",$0.01 ,"2,581,970",$0 ,?,-3.15%,?
881,BitTokens,BXT,"$14,317 ",$0.03 ,"558,000",$39 ,0.18%,-92.51%,-91.72%
882,Speedcash,SCS,"$14,202 ",$0.05 ,"261,831",$9 ,0.25%,-1.31%,-3.15%
883,Xonecoin,XOC,"$13,928 ",$0.03 ,"420,000 *",$3 ,0.18%,-2.76%,?
884,Concoin,CONX,"$13,881 ",$0.02 ,"744,266",$20 ,0.25%,-18.58%,-15.22%
885,OsmiumCoin,OS76,"$13,763 ",$0.02 ,"894,026",$1 ,0.18%,-14.45%,-9.33%
886,Dollar Online,DOLLAR,"$12,478 ",$0.02 ,"753,776",$3 ,0.18%,-6.52%,-16.95%
887,MiloCoin,MILO,"$11,908 ",$0.00 ,"10,789,954",$252 ,0.18%,-72.60%,-62.88%
888,Magnum,MGM,"$11,444 ",$0.00 ,"3,840,806",$24 ,0.17%,-6.54%,10.42%
889,LiteBitcoin,LBTC,"$11,101 ",$0.00 ,"3,188,280",$370 ,-4.69%,71.61%,39.06%
890,Save and Gain,SANDG,"$11,003 ",$0.00 ,"3,064,800",$0 ,?,-3.31%,-21.50%
891,BnrtxCoin,BNX,"$10,346 ",$0.00 ,"24,227,001",$25 ,0.13%,-8.74%,-9.43%
892,CCMiner,CCM100,"$9,790 ",$0.00 ,"3,360,417 *",$2 ,3.07%,18.00%,-15.14%
893,Shilling,SH,"$9,735 ",$0.00 ,"4,334,350 *",$73 ,0.17%,-49.75%,-51.52%
894,SydPak,SDP,"$9,482 ",$0.06 ,"159,406 *",$2 ,0.17%,1.09%,18.38%
895,GeertCoin,GEERT,"$7,650 ",$0.00 ,"5,091,200",$0 ,?,1.17%,-28.20%
896,Bitvolt,VOLT,"$7,505 ",$0.00 ,"15,112,554 *",$37 ,0.18%,?,1.97%
897,Elysium,ELS,"$7,293 ",$0.00 ,"4,005,012",$61 ,65.30%,59.38%,-36.14%
898,Rawcoin,XRC,"$6,617 ",$0.01 ,"704,882",$127 ,0.18%,-1.24%,-13.86%
899,Selfiecoin,SLFI,"$6,063 ",$0.00 ,"107,829,281",$0 ,?,?,22.93%
900,Enigma,XNG,"$6,036 ",$0.36 ,"16,627",$71 ,0.18%,-14.12%,40.79%
901,NodeCoin,NODC,"$5,927 ",$0.00 ,"1,678,439",$11 ,0.25%,14.51%,?
902,P7Coin,P7C,"$5,830 ",$0.00 ,"35,220,238",$4 ,0.25%,-27.55%,-25.28%
903,BurstOcean,OCEAN,"$5,783 ",$0.03 ,"211,827 *",$?,?,?,12.25%
904,Lex4All,LEX,"$3,642 ",$0.00 ,"1,000,000 *",$0 ,3.02%,88.56%,49.02%
905,Sojourn,SOJ,"$3,320 ",$0.01 ,"485,214",$282 ,0.25%,-21.90%,-22.68%
906,Californium,CF,"$3,225 ",$0.03 ,"111,110",$16 ,0.18%,-7.26%,39.63%
907,BTCDragon,DRAGON,"$3,218 ",$0.01 ,"403,189 *",$?,?,?,?
908,PizzaCoin,PIZZA,"$3,164 ",$0.00 ,"1,377,917",$0 ,?,?,17.87%
909,BBQCoin,BQC,"$2,923 ",$0.00 ,"50,765,854",$3 ,0.13%,0.80%,-37.75%
910,Powercoin,PWR,"$2,758 ",$0.00 ,"49,983,870",$16 ,0.25%,?,20.65%
911,MantraCoin,MNC,"$1,283 ",$0.00 ,"4,650,380 *",$17 ,0.25%,?,-41.06%
912,MikeTheMug,MUG,"$1,192 ",$0.00 ,"1,000,000 *",$1 ,3.07%,7.28%,-13.21%
913,Future Digita...,FDC,"$1,063 ",$0.00 ,"2,753,201",$17 ,0.18%,?,-57.40%
914,Ulatech,ULA,$842 ,$0.01 ,"96,601",$105 ,0.25%,-7.27%,-76.44%
915,Environ,ENV,$745 ,$0.00 ,"132,656,584 *",$9 ,-0.01%,-3.27%,-40.57%
916,Digital Credits,DGCS,$643 ,$0.00 ,"5,826,388",$25 ,0.18%,-35.60%,-19.57%
917,Abncoin,ABN,$529 ,$0.01 ,"67,700",$65 ,-0.93%,-19.11%,-33.38%
918,Xenixcoin,XEN,$106 ,$0.01 ,"10,100",$?,?,?,?
919,CaliphCoin,CALC,$77 ,$0.00 ,"87,140",$24 ,0.18%,-13.64%,-16.65%
920,DynamicCoin,DMC,$?,$1.00 ,?,"$1,638,020 ",0.00%,0.00%,0.00%
921,Aidos Kuneen,ADK,$?,$24.17 ,? *,"$1,560,900 ",0.25%,?,82.17%
922,InfChain,INF,$?,$0.01 ,?,"$886,392 ",0.00%,-6.07%,-0.49%
923,FLiK,FLIK,$?,$0.17 ,? *,"$709,461 ",3.47%,14.62%,271.78%
924,Golos Gold,GBG,$?,$0.14 ,? *,"$680,132 ",-8.12%,21.25%,68.49%
925,Kolion,KLN,$?,$1.74 ,?,"$403,286 ",0.09%,-10.16%,10.84%
926,Tezos (Pre-La...,XTZ,$?,$2.62 ,?,"$389,308 ",-0.55%,5.10%,10.56%
927,Fargocoin,FRGC,$?,$6.76 ,?,"$349,176 ",0.02%,-15.20%,-18.88%
928,Minex,MINEX,$?,$0.29 ,? *,"$302,656 ",92.03%,168.06%,982.60%
929,Bastonet,BSN,$?,$0.01 ,? *,"$246,172 ",-7.07%,-57.19%,?
930,Yocoin,YOC,$?,$0.05 ,? *,"$174,912 ",-28.86%,-3.80%,1952.58%
931,Achain,ACT,$?,$0.07 ,? *,"$143,578 ",8.83%,9.16%,?
932,Cryptonex,CNX,$?,$2.37 ,?,"$134,707 ",28.30%,20.87%,?
933,eBoost,EBST,$?,$0.13 ,? *,"$118,089 ",5.40%,-0.79%,-7.88%
934,MSD,MSD,$?,$0.02 ,? *,"$117,603 ",2.19%,-11.50%,-37.13%
935,Infinity Econ...,XIN,$?,$0.02 ,? *,"$101,445 ",0.67%,-0.67%,-4.70%
936,bitqy,BQ,$?,$0.03 ,? *,"$90,444 ",9.05%,-19.24%,22.68%
937,YOYOW,YOYOW,$?,$0.03 ,? *,"$89,904 ",-1.24%,1.78%,-11.37%
938,DeusCoin,DEUS,$?,$0.41 ,?,"$78,594 ",-7.32%,-15.00%,-20.47%
939,ethereumcash,ECASH,$?,$0.04 ,? *,"$75,450 ",8.03%,-26.52%,?
940,Aureus,AURS,$?,$2.92 ,? *,"$66,941 ",1.19%,-1.49%,4.17%
941,Ormeus Coin,ORME,$?,$0.51 ,? *,"$65,849 ",-4.26%,-0.69%,-26.49%
942,Gokucoin,GOKU,$?,$0.02 ,?,"$61,618 ",17.82%,47.73%,2.84%
943,Sphre AIR,XID,$?,$0.27 ,? *,"$52,531 ",0.06%,-6.34%,11.90%
944,Storjcoin X,SJCX,$?,$0.47 ,? *,"$47,729 ",0.33%,-5.28%,-7.41%
945,Zeusshield,ZSC,$?,$0.03 ,? *,"$44,912 ",0.15%,-4.10%,?
946,TerraNova,TER,$?,$5.34 ,?,"$39,961 ",-2.84%,-13.59%,-68.99%
947,ClubCoin,CLUB,$?,$0.44 ,? *,"$36,274 ",0.25%,-4.71%,4.68%
948,Bitcloud,BTDX,$?,$0.51 ,?,"$34,830 ",-12.94%,-10.56%,74.06%
949,UG Token,UGT,$?,$0.36 ,? *,"$34,050 ",0.15%,8.95%,20.24%
950,Senderon,SDRN,$?,$0.01 ,? *,"$31,765 ",1.57%,10.24%,?
951,Crystal Clear,CCT,$?,$1.18 ,? *,"$30,353 ",5.56%,-9.90%,?
952,Cobinhood,COB,$?,$0.06 ,? *,"$28,140 ",0.82%,-7.49%,-5.47%
953,TechShares,THS,$?,$0.58 ,? *,"$28,107 ",0.25%,0.41%,5.31%
954,GulfCoin,MGC,$?,$0.00 ,?,"$20,236 ",9.53%,-5.98%,9.14%
955,BuzzCoin,BUZZ,$?,$0.00 ,?,"$17,431 ",-4.89%,-37.55%,-50.66%
956,Indorse Token,IND,$?,$0.10 ,? *,"$11,031 ",-0.19%,-4.27%,-12.89%
957,Macro,MCR,$?,$5.28 ,? *,"$10,999 ",0.18%,7.16%,15.73%
958,BTCGold,XBG,$?,$0.00 ,?,"$10,896 ",0.25%,-7.92%,-49.03%
959,Chronologic,DAY,$?,$10.05 ,? *,"$10,646 ",69.86%,46.57%,22.46%
960,RChain,RHOC,$?,$0.21 ,? *,"$7,791 ",0.15%,-0.54%,-34.60%
961,SIGMAcoin,SIGMA,$?,$0.04 ,? *,"$6,806 ",0.15%,-4.16%,-6.62%
962,WA Space,WA,$?,$0.02 ,?,"$6,633 ",0.17%,38.88%,-3.23%
963,BitcoinZ,BTCZ,$?,$0.00 ,?,"$6,585 ",0.25%,-0.08%,?
964,DFSCoin,DFS,$?,$0.02 ,?,"$6,476 ",-3.96%,-34.45%,-43.55%
965,Bitcoin Unlim...,BTU,$?,$319.00 ,?,"$6,416 ",-11.27%,-9.55%,-18.49%
966,CORION,COR,$?,$0.69 ,? *,"$6,241 ",0.25%,-14.50%,?
967,ColossusCoinXT,COLX,$?,$0.00 ,?,"$6,230 ",4.27%,26.70%,-12.87%
968,KexCoin,KEXCOIN,$?,$13.79 ,? *,"$5,532 ",0.18%,-3.43%,15.25%
969,Pabyosi Coin ...,PCS,$?,$0.10 ,?,"$5,452 ",0.18%,-18.46%,27.39%
970,iQuant,IQT,$?,$0.38 ,? *,"$4,682 ",1.43%,-28.53%,-14.22%
971,Sand Coin,SND,$?,$1.66 ,? *,"$3,480 ",12.96%,11.99%,-6.81%
972,Mind Gene,MG,$?,$0.01 ,?,"$3,206 ",0.18%,5.37%,5.96%
973,Wild Crypto,WILD,$?,$0.10 ,? *,"$2,994 ",0.14%,-2.77%,-12.92%
974,Tyrocoin,TYC,$?,$0.14 ,?,"$2,483 ",-18.45%,-21.33%,-54.70%
975,Ergo,EFYT,$?,$6.55 ,? *,"$2,127 ",0.12%,-5.31%,-1.51%
976,Wi Coin,WIC,$?,$0.01 ,? *,"$2,001 ",4.04%,4.25%,-26.45%
977,Zilbercoin,ZBC,$?,$0.05 ,? *,"$1,892 ",1.06%,1.44%,28.09%
978,Bankcoin,B@,$?,$0.71 ,? *,"$1,828 ",40.54%,2.14%,?
979,Blockchain Index,BLX,$?,$1.43 ,? *,"$1,754 ",0.15%,-12.75%,-3.09%
980,Primulon,PRIMU,$?,$0.00 ,?,"$1,450 ",-0.39%,-35.19%,-78.96%
981,Paccoin,PAC,$?,1.50E-07,?,"$1,130 ",1.52%,1.56%,-0.21%
982,MobileCash,MBL,$?,$0.00 ,?,"$1,086 ",0.18%,-7.57%,-2.88%
983,OX Fina,OX,$?,$0.01 ,? *,"$1,036 ",2.20%,-8.47%,-14.51%
984,Flash,FLASH,$?,$0.00 ,? *,$874 ,0.25%,-3.57%,7.03%
985,AdCoin,ACC,$?,$0.23 ,?,$871 ,-1.65%,-7.23%,-9.27%
986,STEX,STEX,$?,$0.13 ,? *,$823 ,0.26%,-4.01%,-7.27%
987,XTD Coin,XTD,$?,$0.00 ,?,$814 ,-49.91%,-3.41%,-39.22%
988,PeepCoin,PCN,$?,7.10E-07,? *,$814 ,-2.68%,-71.68%,29.57%
989,GeyserCoin,GSR,$?,$0.11 ,?,$781 ,-12.38%,58.90%,242.91%
990,FlappyCoin,FLAP,$?,$0.00 ,?,$754 ,-0.40%,29.53%,?
991,BatCoin,BAT,$?,$0.00 ,?,$707 ,0.54%,1.59%,47.49%
992,MorningStar,MRNG,$?,$0.00 ,? *,$673 ,0.25%,-14.14%,-53.97%
993,Regacoin,REGA,$?,$0.00 ,?,$607 ,0.18%,-22.38%,-17.52%
994,UniversalRoya...,UNRC,$?,$0.00 ,? *,$568 ,0.18%,-3.41%,-20.95%
995,Cyder,CYDER,$?,$0.00 ,? *,$559 ,0.25%,-6.47%,-12.31%
996,Quotient,XQN,$?,$0.00 ,? *,$544 ,0.18%,-33.72%,-80.18%
997,GoldMaxCoin,GMX,$?,$0.00 ,? *,$543 ,0.18%,47.27%,-36.53%
998,ATMCoin,ATMC,$?,$1.10 ,? *,$508 ,0.18%,-3.41%,?
999,BITFID,FID,$?,$0.11 ,? *,$496 ,0.25%,-3.41%,9.51%
1000,India Coin,INDIA,$?,$0.00 ,? *,$451 ,0.25%,-3.40%,-30.68%
1001,Donationcoin,DON,$?,$0.00 ,?,$425 ,0.25%,60.63%,39.15%
1002,Suretly,SUR,$?,$4.14 ,? *,$408 ,0.23%,19.35%,4.33%
1003,AlpaCoin,APC,$?,$0.07 ,?,$400 ,0.25%,-24.65%,-72.32%
1004,President Trump,PRES,$?,$0.00 ,? *,$383 ,-26.42%,-36.58%,-15.45%
1005,Advanced Inte...,AIB,$?,$0.00 ,?,$381 ,-30.78%,-31.14%,-18.61%
1006,Hyper,HYPER,$?,$0.03 ,?,$368 ,0.11%,-37.68%,-26.23%
1007,Huncoin,HNC,$?,$0.00 ,?,$367 ,0.18%,-15.19%,-77.63%
1008,Masternodecoin,MTNC,$?,$0.06 ,? *,$335 ,0.25%,-30.98%,-47.40%
1009,Coupecoin,COUPE,$?,$0.00 ,? *,$315 ,-0.73%,22.36%,-81.44%
1010,AmsterdamCoin,AMS,$?,$0.00 ,?,$309 ,0.22%,-4.21%,-7.75%
1011,StrongHands,SHND,$?,3.80E-08,?,$309 ,1.38%,-12.37%,-2.41%
1012,MMXVI,MMXVI,$?,$0.00 ,?,$275 ,-3.93%,-8.23%,9.63%
1013,Alphabit,ABC,$?,$9.69 ,? *,$265 ,10.96%,-27.37%,-34.44%
1014,UR,UR,$?,$0.00 ,?,$241 ,11.57%,6.93%,40.73%
1015,9COIN,9COIN,$?,$0.01 ,? *,$231 ,0.25%,-36.66%,-23.23%
1016,eLTC,ELTC2,$?,$0.00 ,? *,$231 ,-36.93%,79.70%,?
1017,Halloween Coin,HALLO,$?,$0.00 ,?,$215 ,0.25%,4.60%,-17.18%
1018,Sakuracoin,SKR,$?,$0.00 ,?,$207 ,-10.56%,-34.71%,6.77%
1019,Voyacoin,VOYA,$?,$2.26 ,?,$202 ,0.18%,-6.98%,1.51%
1020,SnakeEyes,SNAKE,$?,$0.04 ,? *,$198 ,3.26%,7.27%,-6.35%
1021,HelloGold,HGT,$?,$0.02 ,? *,$197 ,0.22%,-13.97%,?
1022,Ethereum Movi...,EMV,$?,$0.32 ,? *,$190 ,0.15%,-7.04%,44.06%
1023,Sync,SYNC,$?,$137.95 ,? *,$188 ,-36.25%,-69.81%,-62.50%
1024,Protean,PRN,$?,$0.00 ,? *,$177 ,1.58%,-80.39%,-76.82%
1025,Tattoocoin (L...,TLE,$?,$0.09 ,? *,$155 ,0.25%,?,?
1026,PiCoin,PI,$?,$0.01 ,?,$155 ,0.18%,?,145.41%
1027,PeopleCoin,MEN,$?,$0.00 ,?,$154 ,0.25%,-27.56%,-59.41%
1028,Bubble,BUB,$?,$0.06 ,? *,$150 ,20.53%,1.03%,-14.56%
1029,IrishCoin,IRL,$?,$0.00 ,?,$139 ,0.17%,19.60%,-13.33%
1030,Aseancoin,ASN,$?,$0.01 ,?,$135 ,0.18%,-6.49%,56.84%
1031,Birds,BIRDS,$?,$0.00 ,?,$133 ,0.25%,-28.27%,-39.60%
1032,Topaz Coin,TOPAZ,$?,$0.07 ,?,$132 ,0.18%,-64.09%,-53.50%
1033,Facecoin,FC,$?,$0.02 ,? *,$123 ,68.23%,-4.19%,14.15%
1034,FireFlyCoin,FFC,$?,$0.00 ,?,$121 ,23.63%,38.51%,33.02%
1035,MarxCoin,MARX,$?,$0.00 ,?,$119 ,0.13%,-3.02%,-7.63%
1036,RabbitCoin,RBBT,$?,$0.00 ,?,$118 ,-3.32%,-95.49%,-0.75%
1037,NamoCoin,NAMO,$?,$0.00 ,?,$117 ,0.27%,-3.40%,-43.31%
1038,Pirate Blocks,SKULL,$?,$0.00 ,?,$115 ,7.53%,-22.89%,-20.74%
1039,First Bitcoin...,BITCF,$?,$0.23 ,? *,$107 ,0.25%,-22.40%,-14.50%
1040,GoldUnionCoin,GUC,$?,$1.05 ,? *,$105 ,0.18%,1.93%,199.71%
1041,Granite,GRN,$?,$0.01 ,?,$105 ,0.56%,0.81%,24.33%
1042,MIYUCoin,MIU,$?,$0.00 ,?,$102 ,0.25%,-3.40%,20.65%
1043,AMIS,AMIS,$?,"$27,238.90 ",? *,$92 ,?,2948.84%,3039.33%
1044,First Bitcoin,BIT,$?,$0.01 ,?,$88 ,-4.72%,15.08%,-0.65%
1045,RubleBit,RUBIT,$?,$0.00 ,?,$84 ,-0.07%,-9.60%,-2.42%
1046,GanjaCoin,MRJA,$?,$0.02 ,?,$83 ,0.17%,-2.52%,-26.69%
1047,Yescoin,YES,$?,$0.00 ,?,$80 ,16.36%,203.08%,375.89%
1048,LandCoin,LDCN,$?,$0.00 ,? *,$75 ,-6.41%,0.99%,-21.35%
1049,ZenGold,ZENGOLD,$?,$0.04 ,? *,$73 ,2.88%,?,-32.54%
1050,LeviarCoin,XLC,$?,$0.04 ,? *,$59 ,-0.91%,8.26%,-4.25%
1051,HODL Bucks,HDLB,$?,$0.08 ,? *,$58 ,0.18%,-16.25%,-58.03%
1052,TeraCoin,TERA,$?,$0.00 ,?,$56 ,0.18%,?,20.65%
1053,Happy Creator...,HCC,$?,$0.00 ,? *,$56 ,0.18%,-35.60%,-32.92%
1054,T-coin,TCOIN,$?,$0.00 ,?,$56 ,0.18%,-26.14%,-13.01%
1055,BRAT,BRAT,$?,$0.00 ,? *,$55 ,0.14%,62.93%,10.46%
1056,Bitgem,BTG,$?,$0.91 ,?,$55 ,0.09%,11.35%,10.50%
1057,Smart Investm...,SIFT,$?,$6.40 ,? *,$54 ,0.15%,2.04%,86.60%
1058,TeslaCoilCoin,TESLA,$?,$1.05 ,? *,$53 ,0.18%,4.98%,23.14%
1059,AsicCoin,ASC,$?,$0.00 ,?,$50 ,-0.12%,9.35%,-12.58%
1060,AvatarCoin,AV,$?,$0.02 ,? *,$49 ,0.25%,-13.47%,-2.56%
1061,Dashs,DASHS,$?,$0.03 ,?,$44 ,0.25%,-3.21%,-6.45%
1062,FrankyWillCoin,FRWC,$?,$0.00 ,?,$41 ,0.25%,5.74%,17.30%
1063,ZSEcoin,ZSE,$?,$0.01 ,?,$41 ,0.22%,-16.22%,30.97%
1064,BestChain,BEST,$?,$0.00 ,?,$36 ,0.25%,-28.13%,11.32%
1065,EncryptoTel [...,ETT,$?,$0.06 ,? *,$36 ,0.29%,0.77%,-31.87%
1066,Internet of T...,XOT,$?,"$1,103.02 ",? *,$35 ,0.18%,-3.30%,20.65%
1067,Skeincoin,SKC,$?,$0.00 ,?,$34 ,0.18%,?,2.99%
1068,Animecoin,ANI,$?,$0.00 ,?,$30 ,0.25%,44.90%,20.65%
1069,Motocoin,MOTO,$?,$0.01 ,?,$29 ,97.98%,153.41%,184.66%
1070,Axiom,AXIOM,$?,$0.01 ,?,$29 ,0.18%,-3.40%,22.88%
1071,The Vegan Ini...,XVE,$?,$0.00 ,? *,$28 ,0.18%,9.62%,-9.31%
1072,Aces,ACES,$?,$0.00 ,? *,$21 ,2.62%,26.53%,39.41%
1073,LePen,LEPEN,$?,$0.00 ,? *,$20 ,-3.11%,-5.97%,57.03%
1074,Clinton,CLINT,$?,$0.01 ,? *,$19 ,0.18%,?,32.69%
1075,TodayCoin,TODAY,$?,$0.00 ,?,$19 ,0.18%,10.40%,-5.82%
1076,FutCoin,FUTC,$?,$0.00 ,?,$19 ,0.18%,-3.41%,22.36%
1077,BitCentavo,NBE,$?,$0.00 ,?,$18 ,-0.12%,-89.66%,-87.06%
1078,OCOW,OCOW,$?,$0.00 ,?,$17 ,0.17%,-8.23%,34.54%
1079,VegasCoin,VGC,$?,$0.00 ,?,$17 ,-0.08%,42.91%,150.58%
1080,SafeCoin,SFE,$?,$0.00 ,?,$16 ,0.17%,-3.41%,20.65%
1081,Mavro,MAVRO,$?,$0.01 ,?,$15 ,0.18%,-3.41%,15.03%
1082,Sharkcoin,SAK,$?,$0.00 ,?,$15 ,0.22%,10.03%,1.82%
1083,GAY Money,GAY,$?,$0.02 ,?,$15 ,14.87%,12.31%,-7.86%
1084,Wink,WINK,$?,$0.00 ,? *,$12 ,0.18%,-3.59%,-18.46%
1085,Bitcedi,BXC,$?,$0.00 ,?,$12 ,0.43%,29.11%,71.27%
1086,BetaCoin,BET,$?,$0.00 ,?,$11 ,0.25%,-21.55%,-38.83%
1087,GameLeagueCoin,GML,$?,$0.01 ,? *,$10 ,0.25%,?,?
1088,CyberCoin,CC,$?,$0.00 ,? *,$8 ,0.25%,-51.70%,-39.68%
1089,Qora,QORA,$?,$0.15 ,? *,$8 ,0.91%,26.52%,26.81%
1090,Xaucoin,XAU,$?,$0.02 ,?,$8 ,0.25%,?,?
1091,CBD Crystals,CBD,$?,$0.00 ,? *,$8 ,0.25%,?,6.26%
1092,BlazerCoin,BLAZR,$?,$0.00 ,?,$7 ,0.25%,-23.94%,-56.19%
1093,UtaCoin,UTA,$?,$0.00 ,? *,$7 ,0.18%,?,-2.08%
1094,Wowecoin,WEC,$?,$0.11 ,? *,$7 ,0.00%,0.00%,-24.32%
1095,Bitok,BITOK,$?,$0.00 ,? *,$7 ,0.00%,26.89%,36.34%
1096,RHFCoin,RHFC,$?,$0.00 ,? *,$6 ,0.18%,?,-12.89%
1097,Dubstep,DUB,$?,$0.00 ,? *,$6 ,0.18%,-3.39%,11.69%
1098,Quebecoin,QBC,$?,$0.00 ,?,$6 ,0.25%,-3.40%,20.65%
1099,microCoin,MRC,$?,$0.00 ,? *,$6 ,0.25%,-3.38%,20.65%
1100,AxFunds,AXF,$?,$0.09 ,?,$6 ,0.18%,?,?
1101,Digital Bulli...,DBG,$?,$0.00 ,? *,$5 ,0.25%,-5.04%,20.65%
1102,TheCreed,TCR,$?,$0.00 ,?,$5 ,0.17%,-27.93%,-10.02%
1103,EDRCoin,EDRC,$?,$0.04 ,? *,$5 ,0.25%,3.01%,-7.15%
1104,PinkDog,PDG,$?,$0.00 ,?,$5 ,0.25%,?,21.35%
1105,Global Busine...,GBRC,$?,$0.00 ,?,$5 ,0.18%,44.90%,60.48%
1106,Avoncoin,ACN,$?,$0.00 ,? *,$4 ,0.17%,10.39%,21.77%
1107,LAthaan,LTH,$?,$0.00 ,?,$3 ,0.18%,?,5.37%
1108,Peacecoin,PEC,$?,$0.00 ,? *,$3 ,0.25%,-73.24%,-76.08%
1109,Tellurion,TELL,$?,$0.00 ,?,$3 ,0.19%,91.48%,88.61%
1110,TurboCoin,TURBO,$?,$0.00 ,? *,$3 ,0.25%,-3.41%,20.65%
1111,Golfcoin,GOLF,$?,$0.00 ,?,$3 ,0.18%,-3.41%,20.29%
1112,UNCoin,UNC,$?,$0.00 ,? *,$3 ,0.17%,-3.41%,20.65%
1113,SportsCoin,SPORT,$?,$0.00 ,? *,$3 ,0.17%,?,0.54%
1114,BitAlphaCoin,BAC,$?,$0.00 ,?,$2 ,2.73%,36.65%,?
1115,Antimatter,ANTX,$?,$0.00 ,?,$2 ,0.15%,-29.14%,-13.74%
1116,Wowcoin,WOW,$?,$0.00 ,?,$2 ,0.23%,90.85%,31.81%
1117,PokeCoin,POKE,$?,$0.00 ,?,$2 ,0.17%,-3.40%,-19.57%
1118,Cycling Coin,CYC,$?,$0.00 ,? *,$2 ,0.25%,?,?
1119,Moneta,MONETA,$?,$0.00 ,?,$2 ,15.67%,-3.41%,3.41%
1120,Fazzcoin,FAZZ,$?,$0.00 ,? *,$1 ,0.25%,-12.99%,-1.36%
1121,Safe Trade Coin,XSTC,$?,$0.00 ,? *,$1 ,0.18%,93.19%,141.29%
1122,Cheapcoin,CHEAP,$?,$0.00 ,? *,$1 ,0.25%,?,60.86%
1123,KashhCoin,KASHH,$?,$0.00 ,? *,$1 ,0.15%,24.49%,15.98%
1124,TopCoin,TOP,$?,$0.00 ,?,$1 ,0.18%,-22.73%,-5.03%
1125,TrickyCoin,TRICK,$?,$0.01 ,?,$1 ,0.18%,-3.40%,21.15%
1126,Omicron,OMC,$?,$0.21 ,? *,$1 ,0.18%,?,?
1127,PrismChain,PRM,$?,$0.00 ,? *,$1 ,0.25%,-3.40%,?
1128,Fonziecoin,FONZ,$?,$0.00 ,? *,$0 ,?,?,-16.69%
1129,Cashme,CME,$?,$0.00 ,?,$0 ,?,0.00%,24.91%
1130,Magnetcoin,MAGN,$?,$0.87 ,?,$0 ,?,1.34%,-18.86%
1131,TeamUp,TEAM,$?,$0.00 ,? *,$0 ,?,?,-8.81%
1132,PayPeer,PAYP,$?,$0.00 ,?,$0 ,?,?,20.76%
1133,MoneyCoin,MONEY,$?,$0.00 ,?,$0 ,?,-3.83%,-22.68%
1134,Stakecoin,STCN,$?,$1.77 ,? *,$0 ,?,?,?
1135,Etherx,ETX,$?,$2.44 ,? *,$0 ,?,-3.04%,-12.80%
1136,ShellCoin,SHELL,$?,$0.03 ,? *,$0 ,?,?,10.73%
1137,RichCoin,RICHX,$?,$0.01 ,?,$0 ,?,?,9.69%
1138,Neptune Classic,NTCC,$?,$0.00 ,?,$0 ,?,?,?
1139,EggCoin,EGG,$?,$0.02 ,? *,$0 ,?,?,20.72%
1140,X2,X2,$?,$0.00 ,? *,$0 ,?,?,22.20%
1141,DarkLisk,DISK,$?,$0.00 ,?,$0 ,?,?,-8.43%
1142,Rcoin,RCN,$?,$0.00 ,?,$0 ,?,?,25.19%
1143,UGAIN,GAIN,$?,$0.00 ,?,$0 ,?,-1.88%,11.40%
1144,Royalties,XRY,$?,$0.05 ,?,$0 ,-0.03%,-2.61%,18.99%
1145,Victoriouscoin,VTY,$?,$0.00 ,?,$0 ,?,?,0.43%
1146,Cubits,QBT,$?,$0.00 ,?,$0 ,?,-1.30%,11.95%
1147,DeltaCredits,DCRE,$?,$0.17 ,? *,$0 ,?,0.86%,?
1148,Opescoin,OPES,$?,$0.00 ,?,$0 ,?,?,?
1149,Operand,OP,$?,$0.00 ,? *,$0 ,?,0.00%,16.22%
1150,Karmacoin,KARMA,$?,$0.00 ,?,$0 ,?,?,5.16%
1151,International...,XID,$?,$0.00 ,?,$0 ,?,-3.89%,-5.87%
1152,InvisibleCoin,IVZ,$?,$0.35 ,? *,$0 ,?,0.13%,?
1153,SHACoin,SHA,$?,$0.00 ,?,$0 ,?,?,15.28%
1154,SuperTurboStake,STRB,$?,$0.00 ,? *,$0 ,?,?,3.73%
1155,Psilocybin,PSY,$?,$0.02 ,?,$0 ,?,?,?
1156,President Joh...,GARY,$?,$0.16 ,? *,$0 ,-0.31%,-3.72%,20.25%
1157,netBit,NBIT,$?,$0.03 ,? *,$0 ,?,-1.30%,113.58%
1158,Elacoin,ELC,$?,$0.12 ,?,$0 ,?,?,28.16%
1159,WeAreSatoshi,WSX,$?,$0.00 ,?,$0 ,?,?,-16.31%
1160,Excelcoin,EXL,$?,$0.00 ,?,$0 ,?,29.12%,5.09%
1161,RoyalCoin,ROYAL,$?,$0.00 ,?,$0 ,?,-3.44%,-10.21%
1162,XDE II,XDE2,$?,$2.77 ,? *,$0 ,?,-3.56%,20.51%
1163,SoulCoin,SOUL,$?,$0.00 ,?,$0 ,?,?,22.42%
1164,Lazaruscoin,LAZ,$?,$0.00 ,? *,$0 ,?,?,17.49%
1165,Bongger,BGR,$?,$0.00 ,?,$0 ,?,?,-57.49%
1166,LinkedCoin,LKC,$?,$0.00 ,?,$0 ,?,?,23.39%
1167,BagCoin,BGC,$?,$0.00 ,?,$?,?,?,?
1168,FedoraShare,FEDS,$?,$0.00 ,? *,$?,?,?,?
1169,FiboCoins,FBC,$?,$0.00 ,?,$?,?,?,?
1170,Digitalfund,DTF,$?,$0.00 ,?,$?,?,?,?
